-- Add German A1 lesson 7: 20 short sentences and 20 three-option sentence quizzes.
-- Four sentences intentionally review prior examples; sixteen sentences introduce new content (80%).

begin;

update language_cards_category_translations set description = case lang_code
  when 'de' then 'Der A1-Einstieg: Worte, Menschen, Zahlen, Zeit, Farben, Essen, Artikel und erste ganze Sätze.'
  when 'en' then 'The A1 foundation: words, people, numbers, time, colors, food, articles, and first complete sentences.'
  else description end
where category_id = '8e6bb6a0-7a01-4f8f-b4cd-dc7ba4ebbb2d' and lang_code in ('de','en');

update language_cards_learning_course_translations set description = case lang_code
  when 'de' then 'Alles Wichtige für den Einstieg – jetzt auch mit kurzen ganzen Sätzen.'
  when 'en' then 'The essential beginner foundation, now including short complete sentences.'
  else description end
where course_id = 'e1fd8982-b00c-4d1a-a1a0-50e2ce6b0df4' and lang_code in ('de','en');

insert into language_cards_learning_lessons (id, course_id, slug, sort_order, is_active, status)
values ('21956ad1-bba8-5b61-97b7-e947eb1e7d89', 'e1fd8982-b00c-4d1a-a1a0-50e2ce6b0df4', 'de-a1-basics-simple-sentences', 7, true, 'active')
on conflict (course_id, slug) do update set sort_order=excluded.sort_order, is_active=excluded.is_active, status=excluded.status;

insert into language_cards_learning_lesson_translations (lesson_id, lang_code, title, description) values
  ('21956ad1-bba8-5b61-97b7-e947eb1e7d89', 'de', 'Erste ganze Sätze', '20 kurze Sätze und 20 Quizfragen mit je drei Antworten.'),
  ('21956ad1-bba8-5b61-97b7-e947eb1e7d89', 'en', 'First complete sentences', '20 short sentences and 20 quiz questions with three answers each.')
on conflict (lesson_id, lang_code) do update set title=excluded.title, description=excluded.description;

insert into language_cards_practice_groups (id, category_id, slug, sort_order, game_modes, is_active, status)
values ('06868e48-13de-5211-97a3-f28161ba5de1', '8e6bb6a0-7a01-4f8f-b4cd-dc7ba4ebbb2d', 'de-a1-basics-simple-sentences', 7, array['swipe']::text[], true, 'active')
on conflict (category_id, slug) do update set sort_order=excluded.sort_order, game_modes=excluded.game_modes, is_active=excluded.is_active, status=excluded.status;

insert into language_cards_practice_group_translations (practice_group_id, lang_code, name) values
  ('06868e48-13de-5211-97a3-f28161ba5de1', 'de', 'Erste ganze Sätze'),
  ('06868e48-13de-5211-97a3-f28161ba5de1', 'en', 'First complete sentences')
on conflict (practice_group_id, lang_code) do update set name=excluded.name;

insert into language_cards_cards (id, slug, card_type, native, transliteration, word_type, example_native, example_transliteration, context, difficulty, content_md, audio_url, image_url, image_id, sort_order, is_active, data) values
  ('29599913-324b-53b0-ac60-b5491f5234e8', 'de-a1-sentence-ich-trinke-wasser', 'vocabulary', 'Ich trinke Wasser.', 'ich TRIN-ke VAS-ser', 'sentence', null, null, 'de-a1-simple-sentences', 'beginner', null, null, null, null, 1, true, '{"kind":"simple_sentence","lesson_slug":"de-a1-basics-simple-sentences","learn_language":"de","english":"I drink water.","is_new_content":false,"hint":{"de":"Bekannt: Ich + Verb + Objekt. Wasser und trinken kennst du schon.","en":"Bekannt: Ich + Verb + Objekt. Wasser und trinken kennst du schon."}}'::jsonb),
  ('d801b121-d2d4-5569-9a40-39f330426e4c', 'de-a1-sentence-der-apfel-ist-rot', 'vocabulary', 'Der Apfel ist rot.', 'der AP-fel ist rot', 'sentence', null, null, 'de-a1-simple-sentences', 'beginner', null, null, null, null, 2, true, '{"kind":"simple_sentence","lesson_slug":"de-a1-basics-simple-sentences","learn_language":"de","english":"The apple is red.","is_new_content":false,"hint":{"de":"Bekannt: Artikel + Nomen + ist + Farbe.","en":"Bekannt: Artikel + Nomen + ist + Farbe."}}'::jsonb),
  ('25ab5666-031c-572f-92f0-669c0ee96d6a', 'de-a1-sentence-die-katze-schlaeft', 'vocabulary', 'Die Katze schläft.', 'die KAT-ze shläft', 'sentence', null, null, 'de-a1-simple-sentences', 'beginner', null, null, null, null, 3, true, '{"kind":"simple_sentence","lesson_slug":"de-a1-basics-simple-sentences","learn_language":"de","english":"The cat is sleeping.","is_new_content":false,"hint":{"de":"Bekanntes Beispiel: Die Katze + Verb.","en":"Bekanntes Beispiel: Die Katze + Verb."}}'::jsonb),
  ('880d8699-f072-54fe-b989-1381d5f59925', 'de-a1-sentence-die-tuer-ist-offen', 'vocabulary', 'Die Tür ist offen.', 'die tür ist OF-fen', 'sentence', null, null, 'de-a1-simple-sentences', 'beginner', null, null, null, null, 4, true, '{"kind":"simple_sentence","lesson_slug":"de-a1-basics-simple-sentences","learn_language":"de","english":"The door is open.","is_new_content":false,"hint":{"de":"Bekanntes Beispiel mit die und ist.","en":"Bekanntes Beispiel mit die und ist."}}'::jsonb),
  ('c8dcc459-3c3f-5bb1-b992-1e30458bec59', 'de-a1-sentence-ich-wohne-in-berlin', 'vocabulary', 'Ich wohne in Berlin.', 'ich VO-ne in ber-LIN', 'sentence', null, null, 'de-a1-simple-sentences', 'beginner', null, null, null, null, 5, true, '{"kind":"simple_sentence","lesson_slug":"de-a1-basics-simple-sentences","learn_language":"de","english":"I live in Berlin.","is_new_content":true,"hint":{"de":"Neu: wohnen = an einem Ort leben. Orte stehen oft nach in.","en":"Neu: wohnen = an einem Ort leben. Orte stehen oft nach in."}}'::jsonb),
  ('852e6cff-a99f-51ee-9624-3d02bcc1e0b6', 'de-a1-sentence-du-lernst-deutsch', 'vocabulary', 'Du lernst Deutsch.', 'du lernst doitsch', 'sentence', null, null, 'de-a1-simple-sentences', 'beginner', null, null, null, null, 6, true, '{"kind":"simple_sentence","lesson_slug":"de-a1-basics-simple-sentences","learn_language":"de","english":"You are learning German.","is_new_content":true,"hint":{"de":"Neu: lernen. Bei du bekommt das Verb oft -st: du lernst.","en":"Neu: lernen. Bei du bekommt das Verb oft -st: du lernst."}}'::jsonb),
  ('c8e23a87-0830-5c9e-9ef8-12b7d501e521', 'de-a1-sentence-er-arbeitet-heute', 'vocabulary', 'Er arbeitet heute.', 'er AR-bai-tet HOI-te', 'sentence', null, null, 'de-a1-simple-sentences', 'beginner', null, null, null, null, 7, true, '{"kind":"simple_sentence","lesson_slug":"de-a1-basics-simple-sentences","learn_language":"de","english":"He works today.","is_new_content":true,"hint":{"de":"Neu: arbeiten = work. heute kennst du bereits.","en":"Neu: arbeiten = work. heute kennst du bereits."}}'::jsonb),
  ('36959e87-88af-56a0-ae9e-b08ce95dbeb0', 'de-a1-sentence-sie-kommt-aus-japan', 'vocabulary', 'Sie kommt aus Japan.', 'sie komt aus ja-PAN', 'sentence', null, null, 'de-a1-simple-sentences', 'beginner', null, null, null, null, 8, true, '{"kind":"simple_sentence","lesson_slug":"de-a1-basics-simple-sentences","learn_language":"de","english":"She comes from Japan.","is_new_content":true,"hint":{"de":"Neu: aus + Land sagt, woher jemand kommt.","en":"Neu: aus + Land sagt, woher jemand kommt."}}'::jsonb),
  ('8ee704c9-c7be-502c-b97b-6bb28abebca3', 'de-a1-sentence-wir-gehen-zur-schule', 'vocabulary', 'Wir gehen zur Schule.', 'wir GE-en tsur SHU-le', 'sentence', null, null, 'de-a1-simple-sentences', 'beginner', null, null, null, null, 9, true, '{"kind":"simple_sentence","lesson_slug":"de-a1-basics-simple-sentences","learn_language":"de","english":"We go to school.","is_new_content":true,"hint":{"de":"Neu: gehen = go. zur Schule bedeutet to school.","en":"Neu: gehen = go. zur Schule bedeutet to school."}}'::jsonb),
  ('1f937f7d-25c3-5ab9-9779-a1fb5123379c', 'de-a1-sentence-ich-kaufe-brot', 'vocabulary', 'Ich kaufe Brot.', 'ich KAU-fe brot', 'sentence', null, null, 'de-a1-simple-sentences', 'beginner', null, null, null, null, 10, true, '{"kind":"simple_sentence","lesson_slug":"de-a1-basics-simple-sentences","learn_language":"de","english":"I buy bread.","is_new_content":true,"hint":{"de":"Neu: kaufen = buy. Brot kennst du schon.","en":"Neu: kaufen = buy. Brot kennst du schon."}}'::jsonb),
  ('c7d981df-e7ea-5016-8480-da53bfb0c2a2', 'de-a1-sentence-du-isst-eine-suppe', 'vocabulary', 'Du isst eine Suppe.', 'du ist AI-ne ZUP-pe', 'sentence', null, null, 'de-a1-simple-sentences', 'beginner', null, null, null, null, 11, true, '{"kind":"simple_sentence","lesson_slug":"de-a1-basics-simple-sentences","learn_language":"de","english":"You eat a soup.","is_new_content":true,"hint":{"de":"Neu: essen wird bei du zu du isst. Die Suppe wird hier eine Suppe.","en":"Neu: essen wird bei du zu du isst. Die Suppe wird hier eine Suppe."}}'::jsonb),
  ('20ca7a1c-9005-519e-869d-0f7b7ecf0b1c', 'de-a1-sentence-das-kind-spielt-im-park', 'vocabulary', 'Das Kind spielt im Park.', 'das kint shpielt im park', 'sentence', null, null, 'de-a1-simple-sentences', 'beginner', null, null, null, null, 12, true, '{"kind":"simple_sentence","lesson_slug":"de-a1-basics-simple-sentences","learn_language":"de","english":"The child plays in the park.","is_new_content":true,"hint":{"de":"Neu: im bedeutet in dem. Kind und Park kennst du schon.","en":"Neu: im bedeutet in dem. Kind und Park kennst du schon."}}'::jsonb),
  ('3dab99bf-3477-5b51-84db-322bc382e911', 'de-a1-sentence-der-hund-laeuft-schnell', 'vocabulary', 'Der Hund läuft schnell.', 'der hunt loift shnel', 'sentence', null, null, 'de-a1-simple-sentences', 'beginner', null, null, null, null, 13, true, '{"kind":"simple_sentence","lesson_slug":"de-a1-basics-simple-sentences","learn_language":"de","english":"The dog runs fast.","is_new_content":true,"hint":{"de":"Neu: laufen = run. Er läuft ist die Form für er/der Hund.","en":"Neu: laufen = run. Er läuft ist die Form für er/der Hund."}}'::jsonb),
  ('62dffd73-7531-5297-afda-d0dd63fda403', 'de-a1-sentence-die-mutter-liest-ein-buch', 'vocabulary', 'Die Mutter liest ein Buch.', 'die MUT-ter liest ain bookh', 'sentence', null, null, 'de-a1-simple-sentences', 'beginner', null, null, null, null, 14, true, '{"kind":"simple_sentence","lesson_slug":"de-a1-basics-simple-sentences","learn_language":"de","english":"The mother reads a book.","is_new_content":true,"hint":{"de":"Neu: lesen wird zu sie liest. Buch ist hier ein Buch.","en":"Neu: lesen wird zu sie liest. Buch ist hier ein Buch."}}'::jsonb),
  ('486df682-05b1-50e6-b4ea-d5d93769baad', 'de-a1-sentence-der-vater-faehrt-mit-dem-auto', 'vocabulary', 'Der Vater fährt mit dem Auto.', 'der FA-ter fährt mit dem AU-to', 'sentence', null, null, 'de-a1-simple-sentences', 'beginner', null, null, null, null, 15, true, '{"kind":"simple_sentence","lesson_slug":"de-a1-basics-simple-sentences","learn_language":"de","english":"The father goes by car.","is_new_content":true,"hint":{"de":"Neu: mit dem Auto = by car. fahren wird zu er fährt.","en":"Neu: mit dem Auto = by car. fahren wird zu er fährt."}}'::jsonb),
  ('79b11d86-b239-5391-b89e-5387c99275c8', 'de-a1-sentence-meine-freundin-hat-ein-fahrrad', 'vocabulary', 'Meine Freundin hat ein Fahrrad.', 'MAI-ne FROIN-din hat ain FAR-rat', 'sentence', null, null, 'de-a1-simple-sentences', 'beginner', null, null, null, null, 16, true, '{"kind":"simple_sentence","lesson_slug":"de-a1-basics-simple-sentences","learn_language":"de","english":"My friend has a bicycle.","is_new_content":true,"hint":{"de":"Neu: meine = my. Sie hat entspricht dem bekannten du hast.","en":"Neu: meine = my. Sie hat entspricht dem bekannten du hast."}}'::jsonb),
  ('65701f18-eafc-5706-b1d1-a97e9a827e95', 'de-a1-sentence-das-zimmer-ist-sauber', 'vocabulary', 'Das Zimmer ist sauber.', 'das TSIM-mer ist ZAU-ber', 'sentence', null, null, 'de-a1-simple-sentences', 'beginner', null, null, null, null, 17, true, '{"kind":"simple_sentence","lesson_slug":"de-a1-basics-simple-sentences","learn_language":"de","english":"The room is clean.","is_new_content":true,"hint":{"de":"Neuer Satz aus bekannten Wörtern: das Zimmer + ist + sauber.","en":"Neuer Satz aus bekannten Wörtern: das Zimmer + ist + sauber."}}'::jsonb),
  ('36ad0f3f-3515-594f-8bac-8d13f2edc876', 'de-a1-sentence-der-kaffee-ist-heiss', 'vocabulary', 'Der Kaffee ist heiß.', 'der KAF-fee ist hais', 'sentence', null, null, 'de-a1-simple-sentences', 'beginner', null, null, null, null, 18, true, '{"kind":"simple_sentence","lesson_slug":"de-a1-basics-simple-sentences","learn_language":"de","english":"The coffee is hot.","is_new_content":true,"hint":{"de":"Neuer Satz: Kaffee kennst du, heiß kennst du von Tee und Suppe.","en":"Neuer Satz: Kaffee kennst du, heiß kennst du von Tee und Suppe."}}'::jsonb),
  ('e265c091-6721-5189-8997-7739e517b347', 'de-a1-sentence-morgen-trinke-ich-kaffee', 'vocabulary', 'Morgen trinke ich Kaffee.', 'MOR-gen TRIN-ke ich KAF-fee', 'sentence', null, null, 'de-a1-simple-sentences', 'beginner', null, null, null, null, 19, true, '{"kind":"simple_sentence","lesson_slug":"de-a1-basics-simple-sentences","learn_language":"de","english":"Tomorrow I drink coffee.","is_new_content":true,"hint":{"de":"Neu: Steht morgen zuerst, kommt das Verb trotzdem an Position zwei.","en":"Neu: Steht morgen zuerst, kommt das Verb trotzdem an Position zwei."}}'::jsonb),
  ('2675d78b-41dc-58af-a3f0-ed57332903cf', 'de-a1-sentence-am-montag-arbeite-ich', 'vocabulary', 'Am Montag arbeite ich.', 'am MON-tag AR-bai-te ich', 'sentence', null, null, 'de-a1-simple-sentences', 'beginner', null, null, null, null, 20, true, '{"kind":"simple_sentence","lesson_slug":"de-a1-basics-simple-sentences","learn_language":"de","english":"On Monday I work.","is_new_content":true,"hint":{"de":"Neu: am + Wochentag. Auch hier steht das Verb an Position zwei.","en":"Neu: am + Wochentag. Auch hier steht das Verb an Position zwei."}}'::jsonb),
  ('05837fa9-260b-5068-9f86-71d1d29f6bd8', 'de-a1-sentence-ich-trinke-wasser-quiz', 'quiz_4_option', 'I drink water.', null, null, null, null, 'de-a1-simple-sentences', 'beginner', null, null, null, null, 101, true, '{"quiz_type":"sentence_choice","source_card_slug":"de-a1-sentence-ich-trinke-wasser","question":{"de":"Wähle den passenden deutschen Satz:","en":"Choose the matching German sentence:"},"prompt":{"de":"I drink water.","en":"I drink water."},"options":[{"is_correct":true,"sort_order":1,"default_text":"Ich trinke Wasser.","translations":{"de":"Ich trinke Wasser.","en":"Ich trinke Wasser."}},{"is_correct":false,"sort_order":2,"default_text":"Der Apfel ist rot.","translations":{"de":"Der Apfel ist rot.","en":"Der Apfel ist rot."}},{"is_correct":false,"sort_order":3,"default_text":"Sie kommt aus Japan.","translations":{"de":"Sie kommt aus Japan.","en":"Sie kommt aus Japan."}}],"learn_language":"de"}'::jsonb),
  ('6d237f88-fda9-593a-af44-e2e42dab7846', 'de-a1-sentence-der-apfel-ist-rot-quiz', 'quiz_4_option', 'The apple is red.', null, null, null, null, 'de-a1-simple-sentences', 'beginner', null, null, null, null, 102, true, '{"quiz_type":"sentence_choice","source_card_slug":"de-a1-sentence-der-apfel-ist-rot","question":{"de":"Wähle den passenden deutschen Satz:","en":"Choose the matching German sentence:"},"prompt":{"de":"The apple is red.","en":"The apple is red."},"options":[{"is_correct":true,"sort_order":1,"default_text":"Der Apfel ist rot.","translations":{"de":"Der Apfel ist rot.","en":"Der Apfel ist rot."}},{"is_correct":false,"sort_order":2,"default_text":"Die Katze schläft.","translations":{"de":"Die Katze schläft.","en":"Die Katze schläft."}},{"is_correct":false,"sort_order":3,"default_text":"Wir gehen zur Schule.","translations":{"de":"Wir gehen zur Schule.","en":"Wir gehen zur Schule."}}],"learn_language":"de"}'::jsonb),
  ('94c712e6-52c4-5bf9-bc52-7f3c79fee461', 'de-a1-sentence-die-katze-schlaeft-quiz', 'quiz_4_option', 'The cat is sleeping.', null, null, null, null, 'de-a1-simple-sentences', 'beginner', null, null, null, null, 103, true, '{"quiz_type":"sentence_choice","source_card_slug":"de-a1-sentence-die-katze-schlaeft","question":{"de":"Wähle den passenden deutschen Satz:","en":"Choose the matching German sentence:"},"prompt":{"de":"The cat is sleeping.","en":"The cat is sleeping."},"options":[{"is_correct":true,"sort_order":1,"default_text":"Die Katze schläft.","translations":{"de":"Die Katze schläft.","en":"Die Katze schläft."}},{"is_correct":false,"sort_order":2,"default_text":"Die Tür ist offen.","translations":{"de":"Die Tür ist offen.","en":"Die Tür ist offen."}},{"is_correct":false,"sort_order":3,"default_text":"Ich kaufe Brot.","translations":{"de":"Ich kaufe Brot.","en":"Ich kaufe Brot."}}],"learn_language":"de"}'::jsonb),
  ('48d8b797-2d75-523e-bd28-b258009a77aa', 'de-a1-sentence-die-tuer-ist-offen-quiz', 'quiz_4_option', 'The door is open.', null, null, null, null, 'de-a1-simple-sentences', 'beginner', null, null, null, null, 104, true, '{"quiz_type":"sentence_choice","source_card_slug":"de-a1-sentence-die-tuer-ist-offen","question":{"de":"Wähle den passenden deutschen Satz:","en":"Choose the matching German sentence:"},"prompt":{"de":"The door is open.","en":"The door is open."},"options":[{"is_correct":true,"sort_order":1,"default_text":"Die Tür ist offen.","translations":{"de":"Die Tür ist offen.","en":"Die Tür ist offen."}},{"is_correct":false,"sort_order":2,"default_text":"Ich wohne in Berlin.","translations":{"de":"Ich wohne in Berlin.","en":"Ich wohne in Berlin."}},{"is_correct":false,"sort_order":3,"default_text":"Du isst eine Suppe.","translations":{"de":"Du isst eine Suppe.","en":"Du isst eine Suppe."}}],"learn_language":"de"}'::jsonb),
  ('17692adc-bea8-5980-a092-5bdabf2c78f5', 'de-a1-sentence-ich-wohne-in-berlin-quiz', 'quiz_4_option', 'I live in Berlin.', null, null, null, null, 'de-a1-simple-sentences', 'beginner', null, null, null, null, 105, true, '{"quiz_type":"sentence_choice","source_card_slug":"de-a1-sentence-ich-wohne-in-berlin","question":{"de":"Wähle den passenden deutschen Satz:","en":"Choose the matching German sentence:"},"prompt":{"de":"I live in Berlin.","en":"I live in Berlin."},"options":[{"is_correct":true,"sort_order":1,"default_text":"Ich wohne in Berlin.","translations":{"de":"Ich wohne in Berlin.","en":"Ich wohne in Berlin."}},{"is_correct":false,"sort_order":2,"default_text":"Du lernst Deutsch.","translations":{"de":"Du lernst Deutsch.","en":"Du lernst Deutsch."}},{"is_correct":false,"sort_order":3,"default_text":"Das Kind spielt im Park.","translations":{"de":"Das Kind spielt im Park.","en":"Das Kind spielt im Park."}}],"learn_language":"de"}'::jsonb),
  ('f56a187d-b13d-58ac-9a7f-21f3678fdf4b', 'de-a1-sentence-du-lernst-deutsch-quiz', 'quiz_4_option', 'You are learning German.', null, null, null, null, 'de-a1-simple-sentences', 'beginner', null, null, null, null, 106, true, '{"quiz_type":"sentence_choice","source_card_slug":"de-a1-sentence-du-lernst-deutsch","question":{"de":"Wähle den passenden deutschen Satz:","en":"Choose the matching German sentence:"},"prompt":{"de":"You are learning German.","en":"You are learning German."},"options":[{"is_correct":true,"sort_order":1,"default_text":"Du lernst Deutsch.","translations":{"de":"Du lernst Deutsch.","en":"Du lernst Deutsch."}},{"is_correct":false,"sort_order":2,"default_text":"Er arbeitet heute.","translations":{"de":"Er arbeitet heute.","en":"Er arbeitet heute."}},{"is_correct":false,"sort_order":3,"default_text":"Der Hund läuft schnell.","translations":{"de":"Der Hund läuft schnell.","en":"Der Hund läuft schnell."}}],"learn_language":"de"}'::jsonb),
  ('93fa00e3-6b31-52ee-80c3-a3502ca5ff54', 'de-a1-sentence-er-arbeitet-heute-quiz', 'quiz_4_option', 'He works today.', null, null, null, null, 'de-a1-simple-sentences', 'beginner', null, null, null, null, 107, true, '{"quiz_type":"sentence_choice","source_card_slug":"de-a1-sentence-er-arbeitet-heute","question":{"de":"Wähle den passenden deutschen Satz:","en":"Choose the matching German sentence:"},"prompt":{"de":"He works today.","en":"He works today."},"options":[{"is_correct":true,"sort_order":1,"default_text":"Er arbeitet heute.","translations":{"de":"Er arbeitet heute.","en":"Er arbeitet heute."}},{"is_correct":false,"sort_order":2,"default_text":"Sie kommt aus Japan.","translations":{"de":"Sie kommt aus Japan.","en":"Sie kommt aus Japan."}},{"is_correct":false,"sort_order":3,"default_text":"Die Mutter liest ein Buch.","translations":{"de":"Die Mutter liest ein Buch.","en":"Die Mutter liest ein Buch."}}],"learn_language":"de"}'::jsonb),
  ('f639558e-8823-5a0e-877f-93c29997225f', 'de-a1-sentence-sie-kommt-aus-japan-quiz', 'quiz_4_option', 'She comes from Japan.', null, null, null, null, 'de-a1-simple-sentences', 'beginner', null, null, null, null, 108, true, '{"quiz_type":"sentence_choice","source_card_slug":"de-a1-sentence-sie-kommt-aus-japan","question":{"de":"Wähle den passenden deutschen Satz:","en":"Choose the matching German sentence:"},"prompt":{"de":"She comes from Japan.","en":"She comes from Japan."},"options":[{"is_correct":true,"sort_order":1,"default_text":"Sie kommt aus Japan.","translations":{"de":"Sie kommt aus Japan.","en":"Sie kommt aus Japan."}},{"is_correct":false,"sort_order":2,"default_text":"Wir gehen zur Schule.","translations":{"de":"Wir gehen zur Schule.","en":"Wir gehen zur Schule."}},{"is_correct":false,"sort_order":3,"default_text":"Der Vater fährt mit dem Auto.","translations":{"de":"Der Vater fährt mit dem Auto.","en":"Der Vater fährt mit dem Auto."}}],"learn_language":"de"}'::jsonb),
  ('3489f301-b3f9-524b-a7d9-918de8de25e0', 'de-a1-sentence-wir-gehen-zur-schule-quiz', 'quiz_4_option', 'We go to school.', null, null, null, null, 'de-a1-simple-sentences', 'beginner', null, null, null, null, 109, true, '{"quiz_type":"sentence_choice","source_card_slug":"de-a1-sentence-wir-gehen-zur-schule","question":{"de":"Wähle den passenden deutschen Satz:","en":"Choose the matching German sentence:"},"prompt":{"de":"We go to school.","en":"We go to school."},"options":[{"is_correct":true,"sort_order":1,"default_text":"Wir gehen zur Schule.","translations":{"de":"Wir gehen zur Schule.","en":"Wir gehen zur Schule."}},{"is_correct":false,"sort_order":2,"default_text":"Ich kaufe Brot.","translations":{"de":"Ich kaufe Brot.","en":"Ich kaufe Brot."}},{"is_correct":false,"sort_order":3,"default_text":"Meine Freundin hat ein Fahrrad.","translations":{"de":"Meine Freundin hat ein Fahrrad.","en":"Meine Freundin hat ein Fahrrad."}}],"learn_language":"de"}'::jsonb),
  ('ae57f11d-8310-5afc-ab23-bf0311575f45', 'de-a1-sentence-ich-kaufe-brot-quiz', 'quiz_4_option', 'I buy bread.', null, null, null, null, 'de-a1-simple-sentences', 'beginner', null, null, null, null, 110, true, '{"quiz_type":"sentence_choice","source_card_slug":"de-a1-sentence-ich-kaufe-brot","question":{"de":"Wähle den passenden deutschen Satz:","en":"Choose the matching German sentence:"},"prompt":{"de":"I buy bread.","en":"I buy bread."},"options":[{"is_correct":true,"sort_order":1,"default_text":"Ich kaufe Brot.","translations":{"de":"Ich kaufe Brot.","en":"Ich kaufe Brot."}},{"is_correct":false,"sort_order":2,"default_text":"Du isst eine Suppe.","translations":{"de":"Du isst eine Suppe.","en":"Du isst eine Suppe."}},{"is_correct":false,"sort_order":3,"default_text":"Das Zimmer ist sauber.","translations":{"de":"Das Zimmer ist sauber.","en":"Das Zimmer ist sauber."}}],"learn_language":"de"}'::jsonb),
  ('adc21ecd-1ea1-5611-9faf-85a28733acf4', 'de-a1-sentence-du-isst-eine-suppe-quiz', 'quiz_4_option', 'You eat a soup.', null, null, null, null, 'de-a1-simple-sentences', 'beginner', null, null, null, null, 111, true, '{"quiz_type":"sentence_choice","source_card_slug":"de-a1-sentence-du-isst-eine-suppe","question":{"de":"Wähle den passenden deutschen Satz:","en":"Choose the matching German sentence:"},"prompt":{"de":"You eat a soup.","en":"You eat a soup."},"options":[{"is_correct":true,"sort_order":1,"default_text":"Du isst eine Suppe.","translations":{"de":"Du isst eine Suppe.","en":"Du isst eine Suppe."}},{"is_correct":false,"sort_order":2,"default_text":"Das Kind spielt im Park.","translations":{"de":"Das Kind spielt im Park.","en":"Das Kind spielt im Park."}},{"is_correct":false,"sort_order":3,"default_text":"Der Kaffee ist heiß.","translations":{"de":"Der Kaffee ist heiß.","en":"Der Kaffee ist heiß."}}],"learn_language":"de"}'::jsonb),
  ('72fa4a60-67d4-582b-a1de-1e9065495418', 'de-a1-sentence-das-kind-spielt-im-park-quiz', 'quiz_4_option', 'The child plays in the park.', null, null, null, null, 'de-a1-simple-sentences', 'beginner', null, null, null, null, 112, true, '{"quiz_type":"sentence_choice","source_card_slug":"de-a1-sentence-das-kind-spielt-im-park","question":{"de":"Wähle den passenden deutschen Satz:","en":"Choose the matching German sentence:"},"prompt":{"de":"The child plays in the park.","en":"The child plays in the park."},"options":[{"is_correct":true,"sort_order":1,"default_text":"Das Kind spielt im Park.","translations":{"de":"Das Kind spielt im Park.","en":"Das Kind spielt im Park."}},{"is_correct":false,"sort_order":2,"default_text":"Der Hund läuft schnell.","translations":{"de":"Der Hund läuft schnell.","en":"Der Hund läuft schnell."}},{"is_correct":false,"sort_order":3,"default_text":"Morgen trinke ich Kaffee.","translations":{"de":"Morgen trinke ich Kaffee.","en":"Morgen trinke ich Kaffee."}}],"learn_language":"de"}'::jsonb),
  ('49b6e2ac-c756-54b1-b458-f32812babbe2', 'de-a1-sentence-der-hund-laeuft-schnell-quiz', 'quiz_4_option', 'The dog runs fast.', null, null, null, null, 'de-a1-simple-sentences', 'beginner', null, null, null, null, 113, true, '{"quiz_type":"sentence_choice","source_card_slug":"de-a1-sentence-der-hund-laeuft-schnell","question":{"de":"Wähle den passenden deutschen Satz:","en":"Choose the matching German sentence:"},"prompt":{"de":"The dog runs fast.","en":"The dog runs fast."},"options":[{"is_correct":true,"sort_order":1,"default_text":"Der Hund läuft schnell.","translations":{"de":"Der Hund läuft schnell.","en":"Der Hund läuft schnell."}},{"is_correct":false,"sort_order":2,"default_text":"Die Mutter liest ein Buch.","translations":{"de":"Die Mutter liest ein Buch.","en":"Die Mutter liest ein Buch."}},{"is_correct":false,"sort_order":3,"default_text":"Am Montag arbeite ich.","translations":{"de":"Am Montag arbeite ich.","en":"Am Montag arbeite ich."}}],"learn_language":"de"}'::jsonb),
  ('79f67996-8534-5297-90bf-16bab8d07b42', 'de-a1-sentence-die-mutter-liest-ein-buch-quiz', 'quiz_4_option', 'The mother reads a book.', null, null, null, null, 'de-a1-simple-sentences', 'beginner', null, null, null, null, 114, true, '{"quiz_type":"sentence_choice","source_card_slug":"de-a1-sentence-die-mutter-liest-ein-buch","question":{"de":"Wähle den passenden deutschen Satz:","en":"Choose the matching German sentence:"},"prompt":{"de":"The mother reads a book.","en":"The mother reads a book."},"options":[{"is_correct":true,"sort_order":1,"default_text":"Die Mutter liest ein Buch.","translations":{"de":"Die Mutter liest ein Buch.","en":"Die Mutter liest ein Buch."}},{"is_correct":false,"sort_order":2,"default_text":"Der Vater fährt mit dem Auto.","translations":{"de":"Der Vater fährt mit dem Auto.","en":"Der Vater fährt mit dem Auto."}},{"is_correct":false,"sort_order":3,"default_text":"Ich trinke Wasser.","translations":{"de":"Ich trinke Wasser.","en":"Ich trinke Wasser."}}],"learn_language":"de"}'::jsonb),
  ('68ef95b6-7f1c-5965-b733-0041ad7e21e2', 'de-a1-sentence-der-vater-faehrt-mit-dem-auto-quiz', 'quiz_4_option', 'The father goes by car.', null, null, null, null, 'de-a1-simple-sentences', 'beginner', null, null, null, null, 115, true, '{"quiz_type":"sentence_choice","source_card_slug":"de-a1-sentence-der-vater-faehrt-mit-dem-auto","question":{"de":"Wähle den passenden deutschen Satz:","en":"Choose the matching German sentence:"},"prompt":{"de":"The father goes by car.","en":"The father goes by car."},"options":[{"is_correct":true,"sort_order":1,"default_text":"Der Vater fährt mit dem Auto.","translations":{"de":"Der Vater fährt mit dem Auto.","en":"Der Vater fährt mit dem Auto."}},{"is_correct":false,"sort_order":2,"default_text":"Meine Freundin hat ein Fahrrad.","translations":{"de":"Meine Freundin hat ein Fahrrad.","en":"Meine Freundin hat ein Fahrrad."}},{"is_correct":false,"sort_order":3,"default_text":"Der Apfel ist rot.","translations":{"de":"Der Apfel ist rot.","en":"Der Apfel ist rot."}}],"learn_language":"de"}'::jsonb),
  ('3b64714d-7e0e-5d65-a25d-eecd2c7395f8', 'de-a1-sentence-meine-freundin-hat-ein-fahrrad-quiz', 'quiz_4_option', 'My friend has a bicycle.', null, null, null, null, 'de-a1-simple-sentences', 'beginner', null, null, null, null, 116, true, '{"quiz_type":"sentence_choice","source_card_slug":"de-a1-sentence-meine-freundin-hat-ein-fahrrad","question":{"de":"Wähle den passenden deutschen Satz:","en":"Choose the matching German sentence:"},"prompt":{"de":"My friend has a bicycle.","en":"My friend has a bicycle."},"options":[{"is_correct":true,"sort_order":1,"default_text":"Meine Freundin hat ein Fahrrad.","translations":{"de":"Meine Freundin hat ein Fahrrad.","en":"Meine Freundin hat ein Fahrrad."}},{"is_correct":false,"sort_order":2,"default_text":"Das Zimmer ist sauber.","translations":{"de":"Das Zimmer ist sauber.","en":"Das Zimmer ist sauber."}},{"is_correct":false,"sort_order":3,"default_text":"Die Katze schläft.","translations":{"de":"Die Katze schläft.","en":"Die Katze schläft."}}],"learn_language":"de"}'::jsonb),
  ('fb1134f5-a484-5a92-8f93-6765f8a57763', 'de-a1-sentence-das-zimmer-ist-sauber-quiz', 'quiz_4_option', 'The room is clean.', null, null, null, null, 'de-a1-simple-sentences', 'beginner', null, null, null, null, 117, true, '{"quiz_type":"sentence_choice","source_card_slug":"de-a1-sentence-das-zimmer-ist-sauber","question":{"de":"Wähle den passenden deutschen Satz:","en":"Choose the matching German sentence:"},"prompt":{"de":"The room is clean.","en":"The room is clean."},"options":[{"is_correct":true,"sort_order":1,"default_text":"Das Zimmer ist sauber.","translations":{"de":"Das Zimmer ist sauber.","en":"Das Zimmer ist sauber."}},{"is_correct":false,"sort_order":2,"default_text":"Der Kaffee ist heiß.","translations":{"de":"Der Kaffee ist heiß.","en":"Der Kaffee ist heiß."}},{"is_correct":false,"sort_order":3,"default_text":"Die Tür ist offen.","translations":{"de":"Die Tür ist offen.","en":"Die Tür ist offen."}}],"learn_language":"de"}'::jsonb),
  ('3159d45e-6f76-5eac-8e28-922fe7a7b21f', 'de-a1-sentence-der-kaffee-ist-heiss-quiz', 'quiz_4_option', 'The coffee is hot.', null, null, null, null, 'de-a1-simple-sentences', 'beginner', null, null, null, null, 118, true, '{"quiz_type":"sentence_choice","source_card_slug":"de-a1-sentence-der-kaffee-ist-heiss","question":{"de":"Wähle den passenden deutschen Satz:","en":"Choose the matching German sentence:"},"prompt":{"de":"The coffee is hot.","en":"The coffee is hot."},"options":[{"is_correct":true,"sort_order":1,"default_text":"Der Kaffee ist heiß.","translations":{"de":"Der Kaffee ist heiß.","en":"Der Kaffee ist heiß."}},{"is_correct":false,"sort_order":2,"default_text":"Morgen trinke ich Kaffee.","translations":{"de":"Morgen trinke ich Kaffee.","en":"Morgen trinke ich Kaffee."}},{"is_correct":false,"sort_order":3,"default_text":"Ich wohne in Berlin.","translations":{"de":"Ich wohne in Berlin.","en":"Ich wohne in Berlin."}}],"learn_language":"de"}'::jsonb),
  ('53ca2770-fb82-524f-9691-ecd8281361f3', 'de-a1-sentence-morgen-trinke-ich-kaffee-quiz', 'quiz_4_option', 'Tomorrow I drink coffee.', null, null, null, null, 'de-a1-simple-sentences', 'beginner', null, null, null, null, 119, true, '{"quiz_type":"sentence_choice","source_card_slug":"de-a1-sentence-morgen-trinke-ich-kaffee","question":{"de":"Wähle den passenden deutschen Satz:","en":"Choose the matching German sentence:"},"prompt":{"de":"Tomorrow I drink coffee.","en":"Tomorrow I drink coffee."},"options":[{"is_correct":true,"sort_order":1,"default_text":"Morgen trinke ich Kaffee.","translations":{"de":"Morgen trinke ich Kaffee.","en":"Morgen trinke ich Kaffee."}},{"is_correct":false,"sort_order":2,"default_text":"Am Montag arbeite ich.","translations":{"de":"Am Montag arbeite ich.","en":"Am Montag arbeite ich."}},{"is_correct":false,"sort_order":3,"default_text":"Du lernst Deutsch.","translations":{"de":"Du lernst Deutsch.","en":"Du lernst Deutsch."}}],"learn_language":"de"}'::jsonb),
  ('8eb787f9-5489-5b0d-89a2-1efaaf23ad96', 'de-a1-sentence-am-montag-arbeite-ich-quiz', 'quiz_4_option', 'On Monday I work.', null, null, null, null, 'de-a1-simple-sentences', 'beginner', null, null, null, null, 120, true, '{"quiz_type":"sentence_choice","source_card_slug":"de-a1-sentence-am-montag-arbeite-ich","question":{"de":"Wähle den passenden deutschen Satz:","en":"Choose the matching German sentence:"},"prompt":{"de":"On Monday I work.","en":"On Monday I work."},"options":[{"is_correct":true,"sort_order":1,"default_text":"Am Montag arbeite ich.","translations":{"de":"Am Montag arbeite ich.","en":"Am Montag arbeite ich."}},{"is_correct":false,"sort_order":2,"default_text":"Ich trinke Wasser.","translations":{"de":"Ich trinke Wasser.","en":"Ich trinke Wasser."}},{"is_correct":false,"sort_order":3,"default_text":"Er arbeitet heute.","translations":{"de":"Er arbeitet heute.","en":"Er arbeitet heute."}}],"learn_language":"de"}'::jsonb)
on conflict (id) do update set slug=excluded.slug, card_type=excluded.card_type, native=excluded.native, transliteration=excluded.transliteration, word_type=excluded.word_type, example_native=excluded.example_native, example_transliteration=excluded.example_transliteration, context=excluded.context, difficulty=excluded.difficulty, content_md=excluded.content_md, audio_url=excluded.audio_url, image_url=excluded.image_url, image_id=excluded.image_id, sort_order=excluded.sort_order, is_active=excluded.is_active, data=excluded.data;

insert into language_cards_card_translations (card_id, lang_code, translation, example_translation, hint) values
  ('29599913-324b-53b0-ac60-b5491f5234e8', 'de', 'Ich trinke Wasser.', 'I drink water.', 'Bekannt: Ich + Verb + Objekt. Wasser und trinken kennst du schon.'),
  ('29599913-324b-53b0-ac60-b5491f5234e8', 'en', 'I drink water.', 'Ich trinke Wasser.', 'Bekannt: Ich + Verb + Objekt. Wasser und trinken kennst du schon.'),
  ('d801b121-d2d4-5569-9a40-39f330426e4c', 'de', 'Der Apfel ist rot.', 'The apple is red.', 'Bekannt: Artikel + Nomen + ist + Farbe.'),
  ('d801b121-d2d4-5569-9a40-39f330426e4c', 'en', 'The apple is red.', 'Der Apfel ist rot.', 'Bekannt: Artikel + Nomen + ist + Farbe.'),
  ('25ab5666-031c-572f-92f0-669c0ee96d6a', 'de', 'Die Katze schläft.', 'The cat is sleeping.', 'Bekanntes Beispiel: Die Katze + Verb.'),
  ('25ab5666-031c-572f-92f0-669c0ee96d6a', 'en', 'The cat is sleeping.', 'Die Katze schläft.', 'Bekanntes Beispiel: Die Katze + Verb.'),
  ('880d8699-f072-54fe-b989-1381d5f59925', 'de', 'Die Tür ist offen.', 'The door is open.', 'Bekanntes Beispiel mit die und ist.'),
  ('880d8699-f072-54fe-b989-1381d5f59925', 'en', 'The door is open.', 'Die Tür ist offen.', 'Bekanntes Beispiel mit die und ist.'),
  ('c8dcc459-3c3f-5bb1-b992-1e30458bec59', 'de', 'Ich wohne in Berlin.', 'I live in Berlin.', 'Neu: wohnen = an einem Ort leben. Orte stehen oft nach in.'),
  ('c8dcc459-3c3f-5bb1-b992-1e30458bec59', 'en', 'I live in Berlin.', 'Ich wohne in Berlin.', 'Neu: wohnen = an einem Ort leben. Orte stehen oft nach in.'),
  ('852e6cff-a99f-51ee-9624-3d02bcc1e0b6', 'de', 'Du lernst Deutsch.', 'You are learning German.', 'Neu: lernen. Bei du bekommt das Verb oft -st: du lernst.'),
  ('852e6cff-a99f-51ee-9624-3d02bcc1e0b6', 'en', 'You are learning German.', 'Du lernst Deutsch.', 'Neu: lernen. Bei du bekommt das Verb oft -st: du lernst.'),
  ('c8e23a87-0830-5c9e-9ef8-12b7d501e521', 'de', 'Er arbeitet heute.', 'He works today.', 'Neu: arbeiten = work. heute kennst du bereits.'),
  ('c8e23a87-0830-5c9e-9ef8-12b7d501e521', 'en', 'He works today.', 'Er arbeitet heute.', 'Neu: arbeiten = work. heute kennst du bereits.'),
  ('36959e87-88af-56a0-ae9e-b08ce95dbeb0', 'de', 'Sie kommt aus Japan.', 'She comes from Japan.', 'Neu: aus + Land sagt, woher jemand kommt.'),
  ('36959e87-88af-56a0-ae9e-b08ce95dbeb0', 'en', 'She comes from Japan.', 'Sie kommt aus Japan.', 'Neu: aus + Land sagt, woher jemand kommt.'),
  ('8ee704c9-c7be-502c-b97b-6bb28abebca3', 'de', 'Wir gehen zur Schule.', 'We go to school.', 'Neu: gehen = go. zur Schule bedeutet to school.'),
  ('8ee704c9-c7be-502c-b97b-6bb28abebca3', 'en', 'We go to school.', 'Wir gehen zur Schule.', 'Neu: gehen = go. zur Schule bedeutet to school.'),
  ('1f937f7d-25c3-5ab9-9779-a1fb5123379c', 'de', 'Ich kaufe Brot.', 'I buy bread.', 'Neu: kaufen = buy. Brot kennst du schon.'),
  ('1f937f7d-25c3-5ab9-9779-a1fb5123379c', 'en', 'I buy bread.', 'Ich kaufe Brot.', 'Neu: kaufen = buy. Brot kennst du schon.'),
  ('c7d981df-e7ea-5016-8480-da53bfb0c2a2', 'de', 'Du isst eine Suppe.', 'You eat a soup.', 'Neu: essen wird bei du zu du isst. Die Suppe wird hier eine Suppe.'),
  ('c7d981df-e7ea-5016-8480-da53bfb0c2a2', 'en', 'You eat a soup.', 'Du isst eine Suppe.', 'Neu: essen wird bei du zu du isst. Die Suppe wird hier eine Suppe.'),
  ('20ca7a1c-9005-519e-869d-0f7b7ecf0b1c', 'de', 'Das Kind spielt im Park.', 'The child plays in the park.', 'Neu: im bedeutet in dem. Kind und Park kennst du schon.'),
  ('20ca7a1c-9005-519e-869d-0f7b7ecf0b1c', 'en', 'The child plays in the park.', 'Das Kind spielt im Park.', 'Neu: im bedeutet in dem. Kind und Park kennst du schon.'),
  ('3dab99bf-3477-5b51-84db-322bc382e911', 'de', 'Der Hund läuft schnell.', 'The dog runs fast.', 'Neu: laufen = run. Er läuft ist die Form für er/der Hund.'),
  ('3dab99bf-3477-5b51-84db-322bc382e911', 'en', 'The dog runs fast.', 'Der Hund läuft schnell.', 'Neu: laufen = run. Er läuft ist die Form für er/der Hund.'),
  ('62dffd73-7531-5297-afda-d0dd63fda403', 'de', 'Die Mutter liest ein Buch.', 'The mother reads a book.', 'Neu: lesen wird zu sie liest. Buch ist hier ein Buch.'),
  ('62dffd73-7531-5297-afda-d0dd63fda403', 'en', 'The mother reads a book.', 'Die Mutter liest ein Buch.', 'Neu: lesen wird zu sie liest. Buch ist hier ein Buch.'),
  ('486df682-05b1-50e6-b4ea-d5d93769baad', 'de', 'Der Vater fährt mit dem Auto.', 'The father goes by car.', 'Neu: mit dem Auto = by car. fahren wird zu er fährt.'),
  ('486df682-05b1-50e6-b4ea-d5d93769baad', 'en', 'The father goes by car.', 'Der Vater fährt mit dem Auto.', 'Neu: mit dem Auto = by car. fahren wird zu er fährt.'),
  ('79b11d86-b239-5391-b89e-5387c99275c8', 'de', 'Meine Freundin hat ein Fahrrad.', 'My friend has a bicycle.', 'Neu: meine = my. Sie hat entspricht dem bekannten du hast.'),
  ('79b11d86-b239-5391-b89e-5387c99275c8', 'en', 'My friend has a bicycle.', 'Meine Freundin hat ein Fahrrad.', 'Neu: meine = my. Sie hat entspricht dem bekannten du hast.'),
  ('65701f18-eafc-5706-b1d1-a97e9a827e95', 'de', 'Das Zimmer ist sauber.', 'The room is clean.', 'Neuer Satz aus bekannten Wörtern: das Zimmer + ist + sauber.'),
  ('65701f18-eafc-5706-b1d1-a97e9a827e95', 'en', 'The room is clean.', 'Das Zimmer ist sauber.', 'Neuer Satz aus bekannten Wörtern: das Zimmer + ist + sauber.'),
  ('36ad0f3f-3515-594f-8bac-8d13f2edc876', 'de', 'Der Kaffee ist heiß.', 'The coffee is hot.', 'Neuer Satz: Kaffee kennst du, heiß kennst du von Tee und Suppe.'),
  ('36ad0f3f-3515-594f-8bac-8d13f2edc876', 'en', 'The coffee is hot.', 'Der Kaffee ist heiß.', 'Neuer Satz: Kaffee kennst du, heiß kennst du von Tee und Suppe.'),
  ('e265c091-6721-5189-8997-7739e517b347', 'de', 'Morgen trinke ich Kaffee.', 'Tomorrow I drink coffee.', 'Neu: Steht morgen zuerst, kommt das Verb trotzdem an Position zwei.'),
  ('e265c091-6721-5189-8997-7739e517b347', 'en', 'Tomorrow I drink coffee.', 'Morgen trinke ich Kaffee.', 'Neu: Steht morgen zuerst, kommt das Verb trotzdem an Position zwei.'),
  ('2675d78b-41dc-58af-a3f0-ed57332903cf', 'de', 'Am Montag arbeite ich.', 'On Monday I work.', 'Neu: am + Wochentag. Auch hier steht das Verb an Position zwei.'),
  ('2675d78b-41dc-58af-a3f0-ed57332903cf', 'en', 'On Monday I work.', 'Am Montag arbeite ich.', 'Neu: am + Wochentag. Auch hier steht das Verb an Position zwei.')
on conflict (card_id, lang_code) do update set translation=excluded.translation, example_translation=excluded.example_translation, hint=excluded.hint;

delete from language_cards_learning_lesson_cards where lesson_id = '21956ad1-bba8-5b61-97b7-e947eb1e7d89';
insert into language_cards_learning_lesson_cards (lesson_id, card_id, sort_order) values
  ('21956ad1-bba8-5b61-97b7-e947eb1e7d89', '29599913-324b-53b0-ac60-b5491f5234e8', 1),
  ('21956ad1-bba8-5b61-97b7-e947eb1e7d89', 'd801b121-d2d4-5569-9a40-39f330426e4c', 2),
  ('21956ad1-bba8-5b61-97b7-e947eb1e7d89', '25ab5666-031c-572f-92f0-669c0ee96d6a', 3),
  ('21956ad1-bba8-5b61-97b7-e947eb1e7d89', '880d8699-f072-54fe-b989-1381d5f59925', 4),
  ('21956ad1-bba8-5b61-97b7-e947eb1e7d89', 'c8dcc459-3c3f-5bb1-b992-1e30458bec59', 5),
  ('21956ad1-bba8-5b61-97b7-e947eb1e7d89', '852e6cff-a99f-51ee-9624-3d02bcc1e0b6', 6),
  ('21956ad1-bba8-5b61-97b7-e947eb1e7d89', 'c8e23a87-0830-5c9e-9ef8-12b7d501e521', 7),
  ('21956ad1-bba8-5b61-97b7-e947eb1e7d89', '36959e87-88af-56a0-ae9e-b08ce95dbeb0', 8),
  ('21956ad1-bba8-5b61-97b7-e947eb1e7d89', '8ee704c9-c7be-502c-b97b-6bb28abebca3', 9),
  ('21956ad1-bba8-5b61-97b7-e947eb1e7d89', '1f937f7d-25c3-5ab9-9779-a1fb5123379c', 10),
  ('21956ad1-bba8-5b61-97b7-e947eb1e7d89', 'c7d981df-e7ea-5016-8480-da53bfb0c2a2', 11),
  ('21956ad1-bba8-5b61-97b7-e947eb1e7d89', '20ca7a1c-9005-519e-869d-0f7b7ecf0b1c', 12),
  ('21956ad1-bba8-5b61-97b7-e947eb1e7d89', '3dab99bf-3477-5b51-84db-322bc382e911', 13),
  ('21956ad1-bba8-5b61-97b7-e947eb1e7d89', '62dffd73-7531-5297-afda-d0dd63fda403', 14),
  ('21956ad1-bba8-5b61-97b7-e947eb1e7d89', '486df682-05b1-50e6-b4ea-d5d93769baad', 15),
  ('21956ad1-bba8-5b61-97b7-e947eb1e7d89', '79b11d86-b239-5391-b89e-5387c99275c8', 16),
  ('21956ad1-bba8-5b61-97b7-e947eb1e7d89', '65701f18-eafc-5706-b1d1-a97e9a827e95', 17),
  ('21956ad1-bba8-5b61-97b7-e947eb1e7d89', '36ad0f3f-3515-594f-8bac-8d13f2edc876', 18),
  ('21956ad1-bba8-5b61-97b7-e947eb1e7d89', 'e265c091-6721-5189-8997-7739e517b347', 19),
  ('21956ad1-bba8-5b61-97b7-e947eb1e7d89', '2675d78b-41dc-58af-a3f0-ed57332903cf', 20),
  ('21956ad1-bba8-5b61-97b7-e947eb1e7d89', '05837fa9-260b-5068-9f86-71d1d29f6bd8', 101),
  ('21956ad1-bba8-5b61-97b7-e947eb1e7d89', '6d237f88-fda9-593a-af44-e2e42dab7846', 102),
  ('21956ad1-bba8-5b61-97b7-e947eb1e7d89', '94c712e6-52c4-5bf9-bc52-7f3c79fee461', 103),
  ('21956ad1-bba8-5b61-97b7-e947eb1e7d89', '48d8b797-2d75-523e-bd28-b258009a77aa', 104),
  ('21956ad1-bba8-5b61-97b7-e947eb1e7d89', '17692adc-bea8-5980-a092-5bdabf2c78f5', 105),
  ('21956ad1-bba8-5b61-97b7-e947eb1e7d89', 'f56a187d-b13d-58ac-9a7f-21f3678fdf4b', 106),
  ('21956ad1-bba8-5b61-97b7-e947eb1e7d89', '93fa00e3-6b31-52ee-80c3-a3502ca5ff54', 107),
  ('21956ad1-bba8-5b61-97b7-e947eb1e7d89', 'f639558e-8823-5a0e-877f-93c29997225f', 108),
  ('21956ad1-bba8-5b61-97b7-e947eb1e7d89', '3489f301-b3f9-524b-a7d9-918de8de25e0', 109),
  ('21956ad1-bba8-5b61-97b7-e947eb1e7d89', 'ae57f11d-8310-5afc-ab23-bf0311575f45', 110),
  ('21956ad1-bba8-5b61-97b7-e947eb1e7d89', 'adc21ecd-1ea1-5611-9faf-85a28733acf4', 111),
  ('21956ad1-bba8-5b61-97b7-e947eb1e7d89', '72fa4a60-67d4-582b-a1de-1e9065495418', 112),
  ('21956ad1-bba8-5b61-97b7-e947eb1e7d89', '49b6e2ac-c756-54b1-b458-f32812babbe2', 113),
  ('21956ad1-bba8-5b61-97b7-e947eb1e7d89', '79f67996-8534-5297-90bf-16bab8d07b42', 114),
  ('21956ad1-bba8-5b61-97b7-e947eb1e7d89', '68ef95b6-7f1c-5965-b733-0041ad7e21e2', 115),
  ('21956ad1-bba8-5b61-97b7-e947eb1e7d89', '3b64714d-7e0e-5d65-a25d-eecd2c7395f8', 116),
  ('21956ad1-bba8-5b61-97b7-e947eb1e7d89', 'fb1134f5-a484-5a92-8f93-6765f8a57763', 117),
  ('21956ad1-bba8-5b61-97b7-e947eb1e7d89', '3159d45e-6f76-5eac-8e28-922fe7a7b21f', 118),
  ('21956ad1-bba8-5b61-97b7-e947eb1e7d89', '53ca2770-fb82-524f-9691-ecd8281361f3', 119),
  ('21956ad1-bba8-5b61-97b7-e947eb1e7d89', '8eb787f9-5489-5b0d-89a2-1efaaf23ad96', 120);

delete from language_cards_practice_group_cards where practice_group_id = '06868e48-13de-5211-97a3-f28161ba5de1';
insert into language_cards_practice_group_cards (practice_group_id, card_id, sort_order) values
  ('06868e48-13de-5211-97a3-f28161ba5de1', '29599913-324b-53b0-ac60-b5491f5234e8', 1),
  ('06868e48-13de-5211-97a3-f28161ba5de1', 'd801b121-d2d4-5569-9a40-39f330426e4c', 2),
  ('06868e48-13de-5211-97a3-f28161ba5de1', '25ab5666-031c-572f-92f0-669c0ee96d6a', 3),
  ('06868e48-13de-5211-97a3-f28161ba5de1', '880d8699-f072-54fe-b989-1381d5f59925', 4),
  ('06868e48-13de-5211-97a3-f28161ba5de1', 'c8dcc459-3c3f-5bb1-b992-1e30458bec59', 5),
  ('06868e48-13de-5211-97a3-f28161ba5de1', '852e6cff-a99f-51ee-9624-3d02bcc1e0b6', 6),
  ('06868e48-13de-5211-97a3-f28161ba5de1', 'c8e23a87-0830-5c9e-9ef8-12b7d501e521', 7),
  ('06868e48-13de-5211-97a3-f28161ba5de1', '36959e87-88af-56a0-ae9e-b08ce95dbeb0', 8),
  ('06868e48-13de-5211-97a3-f28161ba5de1', '8ee704c9-c7be-502c-b97b-6bb28abebca3', 9),
  ('06868e48-13de-5211-97a3-f28161ba5de1', '1f937f7d-25c3-5ab9-9779-a1fb5123379c', 10),
  ('06868e48-13de-5211-97a3-f28161ba5de1', 'c7d981df-e7ea-5016-8480-da53bfb0c2a2', 11),
  ('06868e48-13de-5211-97a3-f28161ba5de1', '20ca7a1c-9005-519e-869d-0f7b7ecf0b1c', 12),
  ('06868e48-13de-5211-97a3-f28161ba5de1', '3dab99bf-3477-5b51-84db-322bc382e911', 13),
  ('06868e48-13de-5211-97a3-f28161ba5de1', '62dffd73-7531-5297-afda-d0dd63fda403', 14),
  ('06868e48-13de-5211-97a3-f28161ba5de1', '486df682-05b1-50e6-b4ea-d5d93769baad', 15),
  ('06868e48-13de-5211-97a3-f28161ba5de1', '79b11d86-b239-5391-b89e-5387c99275c8', 16),
  ('06868e48-13de-5211-97a3-f28161ba5de1', '65701f18-eafc-5706-b1d1-a97e9a827e95', 17),
  ('06868e48-13de-5211-97a3-f28161ba5de1', '36ad0f3f-3515-594f-8bac-8d13f2edc876', 18),
  ('06868e48-13de-5211-97a3-f28161ba5de1', 'e265c091-6721-5189-8997-7739e517b347', 19),
  ('06868e48-13de-5211-97a3-f28161ba5de1', '2675d78b-41dc-58af-a3f0-ed57332903cf', 20);

commit;
