-- Add German A1 Basic lesson: Articles der, die, das, with 15 learning cards, short hints, 15 quiz cards, images, and ElevenLabs audio.

begin;

update language_cards_category_translations set description = case lang_code
  when 'de' then 'Der aufgeräumte Einstieg: Begrüßen, erste Sätze, Menschen, Familie, Zahlen, Zeit, Farben, Essen, Trinken und Artikel.'
  when 'en' then 'A clean beginner start: greetings, first sentences, people, family, numbers, time, colors, food, drinks, and articles.'
  else description end
where category_id = '8e6bb6a0-7a01-4f8f-b4cd-dc7ba4ebbb2d' and lang_code in ('de','en');
update language_cards_learning_course_translations set description = case lang_code
  when 'de' then 'Alles Wichtige für den ersten Einstieg: Worte, Menschen, Zahlen, Zeit, Farben, Essen, Trinken und Artikel.'
  when 'en' then 'The essential first steps, grouped clearly: words, people, numbers, time, colors, food, drinks, and articles.'
  else description end
where course_id = 'e1fd8982-b00c-4d1a-a1a0-50e2ce6b0df4' and lang_code in ('de','en');

insert into language_cards_learning_lessons (id, course_id, slug, sort_order, is_active, status)
values ('3d1174e0-a7a4-5b1a-a400-6098c78bcdd9', 'e1fd8982-b00c-4d1a-a1a0-50e2ce6b0df4', 'de-a1-basics-articles', 6, true, 'active')
on conflict (id) do update set course_id=excluded.course_id, slug=excluded.slug, sort_order=excluded.sort_order, is_active=excluded.is_active, status=excluded.status;
insert into language_cards_learning_lesson_translations (lesson_id, lang_code, title, description) values
  ('3d1174e0-a7a4-5b1a-a400-6098c78bcdd9', 'de', 'Artikel: der, die, das', '15 Artikelkarten mit kurzen Hilfen und Eselsbrücken, 15 Quizkarten.'),
  ('3d1174e0-a7a4-5b1a-a400-6098c78bcdd9', 'en', 'Articles: der, die, das', '15 article cards with short tips and memory hooks, 15 quiz cards.')
on conflict (lesson_id, lang_code) do update set title=excluded.title, description=excluded.description;
insert into language_cards_practice_groups (id, category_id, slug, sort_order, game_modes, is_active, status)
values ('f54a17d3-9f5d-5699-81e1-443ad0da2856', '8e6bb6a0-7a01-4f8f-b4cd-dc7ba4ebbb2d', 'de-a1-basics-articles', 6, array['swipe']::text[], true, 'active')
on conflict (id) do update set category_id=excluded.category_id, slug=excluded.slug, sort_order=excluded.sort_order, game_modes=excluded.game_modes, is_active=excluded.is_active, status=excluded.status;
insert into language_cards_practice_group_translations (practice_group_id, lang_code, name) values
  ('f54a17d3-9f5d-5699-81e1-443ad0da2856', 'de', 'Artikel: der, die, das'),
  ('f54a17d3-9f5d-5699-81e1-443ad0da2856', 'en', 'Articles: der, die, das')
on conflict (practice_group_id, lang_code) do update set name=excluded.name;

insert into language_cards_cards (id, slug, card_type, native, transliteration, word_type, example_native, example_transliteration, context, difficulty, content_md, audio_url, image_url, image_id, sort_order, is_active, data) values
  ('44959747-7f8f-53e5-81ac-08233e8edd21', 'de-a1-articles-hund', 'vocabulary', 'der Hund', 'der hunt', 'noun', 'Der Hund ist klein.', null, 'de-a1-articles', 'beginner', null, 'https://pqnfiqczcxnwaenylysb.supabase.co/storage/v1/object/public/language-cards/audio/de-a1/basics-articles-20260705152000/de-a1-articles-hund.mp3', null, 'b5d6c86e-3922-430b-897d-907ed060a047', 1, true, '{"hint":{"de":"der: Viele männliche Personen und Tiere sind der. Merke: der Hund.","en":"der: Many male people and animals use der. Remember: der Hund."},"kind":"article_noun","noun":"Hund","article":"der","lesson_slug":"de-a1-basics-articles","learn_language":"de"}'::jsonb),
  ('d789e544-60b2-5d1d-9506-d03d6e3d652a', 'de-a1-articles-tisch', 'vocabulary', 'der Tisch', 'der tisch', 'noun', 'Der Tisch ist groß.', null, 'de-a1-articles', 'beginner', null, 'https://pqnfiqczcxnwaenylysb.supabase.co/storage/v1/object/public/language-cards/audio/de-a1/basics-articles-20260705152000/de-a1-articles-tisch.mp3', null, '540c31f2-d763-4c93-b6d0-0b4eee94b0b1', 2, true, '{"hint":{"de":"der Tisch: ein kurzer, starker Alltagsgegenstand. Einfach als der Tisch merken.","en":"der Tisch: a short, strong everyday noun. Memorize it as der Tisch."},"kind":"article_noun","noun":"Tisch","article":"der","lesson_slug":"de-a1-basics-articles","learn_language":"de"}'::jsonb),
  ('4d4314ab-a6cd-5c29-98e4-e04dcdca581b', 'de-a1-articles-zug', 'vocabulary', 'der Zug', 'der tsook', 'noun', 'Der Zug kommt.', null, 'de-a1-articles', 'beginner', null, 'https://pqnfiqczcxnwaenylysb.supabase.co/storage/v1/object/public/language-cards/audio/de-a1/basics-articles-20260705152000/de-a1-articles-zug.mp3', null, '56121670-e684-47fc-9b13-b6e1572e8344', 3, true, '{"hint":{"de":"der Zug: kurz und kraftvoll. Stell dir einen starken Zug vor: der Zug.","en":"der Zug: short and powerful. Picture a strong train: der Zug."},"kind":"article_noun","noun":"Zug","article":"der","lesson_slug":"de-a1-basics-articles","learn_language":"de"}'::jsonb),
  ('7cd5b995-52f5-51dc-81a6-0d25e6ac2711', 'de-a1-articles-schluessel', 'vocabulary', 'der Schlüssel', 'der SHLÜS-sel', 'noun', 'Der Schlüssel ist hier.', null, 'de-a1-articles', 'beginner', null, 'https://pqnfiqczcxnwaenylysb.supabase.co/storage/v1/object/public/language-cards/audio/de-a1/basics-articles-20260705152000/de-a1-articles-schluessel.mp3', null, '1a7c7a3f-9efb-4b03-8518-5fda94814e16', 4, true, '{"hint":{"de":"Endung -el ist oft der. Merke: der Schlüssel.","en":"Words ending in -el are often der. Remember: der Schlüssel."},"kind":"article_noun","noun":"Schlüssel","article":"der","lesson_slug":"de-a1-basics-articles","learn_language":"de"}'::jsonb),
  ('b6383b12-e5ef-5660-a988-129804655ca0', 'de-a1-articles-loeffel', 'vocabulary', 'der Löffel', 'der LÖF-fel', 'noun', 'Der Löffel ist klein.', null, 'de-a1-articles', 'beginner', null, 'https://pqnfiqczcxnwaenylysb.supabase.co/storage/v1/object/public/language-cards/audio/de-a1/basics-articles-20260705152000/de-a1-articles-loeffel.mp3', null, '5a12cfe2-8ed5-4bee-9036-4a5771e865b9', 5, true, '{"hint":{"de":"Endung -el ist oft der. Schlüssel und Löffel gehen zusammen: der.","en":"Words ending in -el are often der. Schlüssel and Löffel go together: der."},"kind":"article_noun","noun":"Löffel","article":"der","lesson_slug":"de-a1-basics-articles","learn_language":"de"}'::jsonb),
  ('05530905-7ec6-5a35-a7b1-33da285392c7', 'de-a1-articles-katze', 'vocabulary', 'die Katze', 'die KAT-ze', 'noun', 'Die Katze schläft.', null, 'de-a1-articles', 'beginner', null, 'https://pqnfiqczcxnwaenylysb.supabase.co/storage/v1/object/public/language-cards/audio/de-a1/basics-articles-20260705152000/de-a1-articles-katze.mp3', null, '51d5ca1c-6a87-48b3-8da2-8b295f72e4bd', 6, true, '{"hint":{"de":"Viele Wörter auf -e sind die. Katze endet auf -e: die Katze.","en":"Many words ending in -e use die. Katze ends in -e: die Katze."},"kind":"article_noun","noun":"Katze","article":"die","lesson_slug":"de-a1-basics-articles","learn_language":"de"}'::jsonb),
  ('38666742-66de-5585-91f3-08ec731cfb69', 'de-a1-articles-tasche', 'vocabulary', 'die Tasche', 'die TASH-e', 'noun', 'Die Tasche ist voll.', null, 'de-a1-articles', 'beginner', null, 'https://pqnfiqczcxnwaenylysb.supabase.co/storage/v1/object/public/language-cards/audio/de-a1/basics-articles-20260705152000/de-a1-articles-tasche.mp3', null, '4a63df3b-8384-4633-9f29-b6a604fffa85', 7, true, '{"hint":{"de":"Tasche endet auf -e. Das ist oft die: die Tasche.","en":"Tasche ends in -e. That is often die: die Tasche."},"kind":"article_noun","noun":"Tasche","article":"die","lesson_slug":"de-a1-basics-articles","learn_language":"de"}'::jsonb),
  ('31d12d13-9892-5dec-a29e-1a9cf88d72b0', 'de-a1-articles-lampe', 'vocabulary', 'die Lampe', 'die LAM-pe', 'noun', 'Die Lampe ist hell.', null, 'de-a1-articles', 'beginner', null, 'https://pqnfiqczcxnwaenylysb.supabase.co/storage/v1/object/public/language-cards/audio/de-a1/basics-articles-20260705152000/de-a1-articles-lampe.mp3', null, 'a22b45ee-e05a-498e-b84c-ae2462d55ca5', 8, true, '{"hint":{"de":"Lampe endet auf -e. Viele -e-Wörter sind die.","en":"Lampe ends in -e. Many -e words use die."},"kind":"article_noun","noun":"Lampe","article":"die","lesson_slug":"de-a1-basics-articles","learn_language":"de"}'::jsonb),
  ('5827d207-9510-572e-b5b4-4830933a3915', 'de-a1-articles-uhr', 'vocabulary', 'die Uhr', 'die oor', 'noun', 'Die Uhr ist rund.', null, 'de-a1-articles', 'beginner', null, 'https://pqnfiqczcxnwaenylysb.supabase.co/storage/v1/object/public/language-cards/audio/de-a1/basics-articles-20260705152000/de-a1-articles-uhr.mp3', null, 'bee7886f-1b1b-4fa4-810a-a75cd68589b4', 9, true, '{"hint":{"de":"Uhr ist eine wichtige Ausnahme ohne -e. Kurz merken: die Uhr.","en":"Uhr is an important exception without -e. Memorize: die Uhr."},"kind":"article_noun","noun":"Uhr","article":"die","lesson_slug":"de-a1-basics-articles","learn_language":"de"}'::jsonb),
  ('c191b9a4-14ba-56cf-827f-a88f6687e7cf', 'de-a1-articles-tuer', 'vocabulary', 'die Tür', 'die tür', 'noun', 'Die Tür ist offen.', null, 'de-a1-articles', 'beginner', null, 'https://pqnfiqczcxnwaenylysb.supabase.co/storage/v1/object/public/language-cards/audio/de-a1/basics-articles-20260705152000/de-a1-articles-tuer.mp3', null, '4959a992-5997-4ac7-86bd-00f11d732c6e', 10, true, '{"hint":{"de":"Tür und Uhr klingen kurz. Beide sind die: die Tür, die Uhr.","en":"Tür and Uhr are short words. Both use die: die Tür, die Uhr."},"kind":"article_noun","noun":"Tür","article":"die","lesson_slug":"de-a1-basics-articles","learn_language":"de"}'::jsonb),
  ('f15db869-d4a4-5ed3-a533-58678224e82b', 'de-a1-articles-haus', 'vocabulary', 'das Haus', 'das hous', 'noun', 'Das Haus ist alt.', null, 'de-a1-articles', 'beginner', null, 'https://pqnfiqczcxnwaenylysb.supabase.co/storage/v1/object/public/language-cards/audio/de-a1/basics-articles-20260705152000/de-a1-articles-haus.mp3', null, 'b6c82618-a967-4c0d-93dd-9c96acebf2bf', 11, true, '{"hint":{"de":"das Haus ist ein Klassiker. Stell dir ein kleines Haus vor: das Haus.","en":"das Haus is a classic. Picture a small house: das Haus."},"kind":"article_noun","noun":"Haus","article":"das","lesson_slug":"de-a1-basics-articles","learn_language":"de"}'::jsonb),
  ('90ab9861-eb6a-5b29-a229-441c9e6baa3c', 'de-a1-articles-auto', 'vocabulary', 'das Auto', 'das AU-to', 'noun', 'Das Auto ist neu.', null, 'de-a1-articles', 'beginner', null, 'https://pqnfiqczcxnwaenylysb.supabase.co/storage/v1/object/public/language-cards/audio/de-a1/basics-articles-20260705152000/de-a1-articles-auto.mp3', null, 'f52ad133-bf32-4285-8020-92f0c5f43512', 12, true, '{"hint":{"de":"Viele internationale Sachwörter sind das. Merke: das Auto.","en":"Many international object words use das. Remember: das Auto."},"kind":"article_noun","noun":"Auto","article":"das","lesson_slug":"de-a1-basics-articles","learn_language":"de"}'::jsonb),
  ('aad5bc84-9185-5f65-abd6-b9cc1e514058', 'de-a1-articles-buch', 'vocabulary', 'das Buch', 'das bookh', 'noun', 'Das Buch ist gut.', null, 'de-a1-articles', 'beginner', null, 'https://pqnfiqczcxnwaenylysb.supabase.co/storage/v1/object/public/language-cards/audio/de-a1/basics-articles-20260705152000/de-a1-articles-buch.mp3', null, '4104dad4-a18a-495e-9b1f-216e5c4c3101', 13, true, '{"hint":{"de":"Buch ist ein Ding zum Lernen. In A1: das Buch fest merken.","en":"Buch is a learning object. For A1, memorize: das Buch."},"kind":"article_noun","noun":"Buch","article":"das","lesson_slug":"de-a1-basics-articles","learn_language":"de"}'::jsonb),
  ('3ca9109a-fed8-517d-9f25-9287b13d47cc', 'de-a1-articles-fenster', 'vocabulary', 'das Fenster', 'das FENS-ter', 'noun', 'Das Fenster ist offen.', null, 'de-a1-articles', 'beginner', null, 'https://pqnfiqczcxnwaenylysb.supabase.co/storage/v1/object/public/language-cards/audio/de-a1/basics-articles-20260705152000/de-a1-articles-fenster.mp3', null, '43b8aec0-3f52-4a82-be2d-3b8925c5bca3', 14, true, '{"hint":{"de":"Viele Wörter auf -er sind der, aber Fenster ist wichtig: das Fenster.","en":"Many -er words use der, but Fenster is important: das Fenster."},"kind":"article_noun","noun":"Fenster","article":"das","lesson_slug":"de-a1-basics-articles","learn_language":"de"}'::jsonb),
  ('17a7f6df-2123-5de1-a229-f0908861f9b8', 'de-a1-articles-maedchen', 'vocabulary', 'das Mädchen', 'das MÄD-chen', 'noun', 'Das Mädchen lacht.', null, 'de-a1-articles', 'beginner', null, 'https://pqnfiqczcxnwaenylysb.supabase.co/storage/v1/object/public/language-cards/audio/de-a1/basics-articles-20260705152000/de-a1-articles-maedchen.mp3', null, '030c1014-cadf-4c43-be53-01aa93a517e1', 15, true, '{"hint":{"de":"Endung -chen ist immer das. Deshalb: das Mädchen.","en":"The ending -chen always uses das. So: das Mädchen."},"kind":"article_noun","noun":"Mädchen","article":"das","lesson_slug":"de-a1-basics-articles","learn_language":"de"}'::jsonb),
  ('04dad73d-b46f-5130-a7e3-96ad5d304d39', 'de-a1-articles-hund-quiz', 'quiz_4_option', 'der Hund', 'der hunt', null, null, null, 'de-a1-articles', 'beginner', null, null, null, null, 16, true, '{"options":[{"is_correct":true,"sort_order":1,"default_text":"article","translations":{"de":"der Hund","en":"the dog"}},{"is_correct":false,"sort_order":2,"default_text":"article","translations":{"de":"der Tisch","en":"the table"}},{"is_correct":false,"sort_order":3,"default_text":"article","translations":{"de":"die Katze","en":"the cat"}},{"is_correct":false,"sort_order":4,"default_text":"article","translations":{"de":"die Tasche","en":"the bag"}}],"question":{"de":"Welcher Artikel passt zu Hund?","en":"Which article goes with Hund?"},"quiz_type":"vocabulary_translation","learn_language":"de","source_card_slug":"de-a1-articles-hund"}'::jsonb),
  ('bfdd5326-2d93-51b4-a17b-8a37e2230e80', 'de-a1-articles-tisch-quiz', 'quiz_4_option', 'der Tisch', 'der tisch', null, null, null, 'de-a1-articles', 'beginner', null, null, null, null, 17, true, '{"options":[{"is_correct":true,"sort_order":1,"default_text":"article","translations":{"de":"der Tisch","en":"the table"}},{"is_correct":false,"sort_order":2,"default_text":"article","translations":{"de":"der Hund","en":"the dog"}},{"is_correct":false,"sort_order":3,"default_text":"article","translations":{"de":"die Katze","en":"the cat"}},{"is_correct":false,"sort_order":4,"default_text":"article","translations":{"de":"die Tasche","en":"the bag"}}],"question":{"de":"Welcher Artikel passt zu Tisch?","en":"Which article goes with Tisch?"},"quiz_type":"vocabulary_translation","learn_language":"de","source_card_slug":"de-a1-articles-tisch"}'::jsonb),
  ('8498d650-7eb5-5535-b075-320018cd4648', 'de-a1-articles-zug-quiz', 'quiz_4_option', 'der Zug', 'der tsook', null, null, null, 'de-a1-articles', 'beginner', null, null, null, null, 18, true, '{"options":[{"is_correct":true,"sort_order":1,"default_text":"article","translations":{"de":"der Zug","en":"the train"}},{"is_correct":false,"sort_order":2,"default_text":"article","translations":{"de":"der Hund","en":"the dog"}},{"is_correct":false,"sort_order":3,"default_text":"article","translations":{"de":"die Katze","en":"the cat"}},{"is_correct":false,"sort_order":4,"default_text":"article","translations":{"de":"die Tasche","en":"the bag"}}],"question":{"de":"Welcher Artikel passt zu Zug?","en":"Which article goes with Zug?"},"quiz_type":"vocabulary_translation","learn_language":"de","source_card_slug":"de-a1-articles-zug"}'::jsonb),
  ('6255083b-b878-5449-b60d-ab074d31aebd', 'de-a1-articles-schluessel-quiz', 'quiz_4_option', 'der Schlüssel', 'der SHLÜS-sel', null, null, null, 'de-a1-articles', 'beginner', null, null, null, null, 19, true, '{"options":[{"is_correct":true,"sort_order":1,"default_text":"article","translations":{"de":"der Schlüssel","en":"the key"}},{"is_correct":false,"sort_order":2,"default_text":"article","translations":{"de":"der Hund","en":"the dog"}},{"is_correct":false,"sort_order":3,"default_text":"article","translations":{"de":"die Katze","en":"the cat"}},{"is_correct":false,"sort_order":4,"default_text":"article","translations":{"de":"die Tasche","en":"the bag"}}],"question":{"de":"Welcher Artikel passt zu Schlüssel?","en":"Which article goes with Schlüssel?"},"quiz_type":"vocabulary_translation","learn_language":"de","source_card_slug":"de-a1-articles-schluessel"}'::jsonb),
  ('ffb5738a-bbdb-5485-99da-c3e98f68e72c', 'de-a1-articles-loeffel-quiz', 'quiz_4_option', 'der Löffel', 'der LÖF-fel', null, null, null, 'de-a1-articles', 'beginner', null, null, null, null, 20, true, '{"options":[{"is_correct":true,"sort_order":1,"default_text":"article","translations":{"de":"der Löffel","en":"the spoon"}},{"is_correct":false,"sort_order":2,"default_text":"article","translations":{"de":"der Hund","en":"the dog"}},{"is_correct":false,"sort_order":3,"default_text":"article","translations":{"de":"die Katze","en":"the cat"}},{"is_correct":false,"sort_order":4,"default_text":"article","translations":{"de":"die Tasche","en":"the bag"}}],"question":{"de":"Welcher Artikel passt zu Löffel?","en":"Which article goes with Löffel?"},"quiz_type":"vocabulary_translation","learn_language":"de","source_card_slug":"de-a1-articles-loeffel"}'::jsonb),
  ('12e67579-a206-5dce-a90a-075a4f9857e5', 'de-a1-articles-katze-quiz', 'quiz_4_option', 'die Katze', 'die KAT-ze', null, null, null, 'de-a1-articles', 'beginner', null, null, null, null, 21, true, '{"options":[{"is_correct":true,"sort_order":1,"default_text":"article","translations":{"de":"die Katze","en":"the cat"}},{"is_correct":false,"sort_order":2,"default_text":"article","translations":{"de":"die Tasche","en":"the bag"}},{"is_correct":false,"sort_order":3,"default_text":"article","translations":{"de":"der Hund","en":"the dog"}},{"is_correct":false,"sort_order":4,"default_text":"article","translations":{"de":"der Tisch","en":"the table"}}],"question":{"de":"Welcher Artikel passt zu Katze?","en":"Which article goes with Katze?"},"quiz_type":"vocabulary_translation","learn_language":"de","source_card_slug":"de-a1-articles-katze"}'::jsonb),
  ('9a72b137-561e-55c0-8f9e-53fd805c2f4b', 'de-a1-articles-tasche-quiz', 'quiz_4_option', 'die Tasche', 'die TASH-e', null, null, null, 'de-a1-articles', 'beginner', null, null, null, null, 22, true, '{"options":[{"is_correct":true,"sort_order":1,"default_text":"article","translations":{"de":"die Tasche","en":"the bag"}},{"is_correct":false,"sort_order":2,"default_text":"article","translations":{"de":"die Katze","en":"the cat"}},{"is_correct":false,"sort_order":3,"default_text":"article","translations":{"de":"der Hund","en":"the dog"}},{"is_correct":false,"sort_order":4,"default_text":"article","translations":{"de":"der Tisch","en":"the table"}}],"question":{"de":"Welcher Artikel passt zu Tasche?","en":"Which article goes with Tasche?"},"quiz_type":"vocabulary_translation","learn_language":"de","source_card_slug":"de-a1-articles-tasche"}'::jsonb),
  ('63642631-c1d2-57fc-95be-2ec3348692ac', 'de-a1-articles-lampe-quiz', 'quiz_4_option', 'die Lampe', 'die LAM-pe', null, null, null, 'de-a1-articles', 'beginner', null, null, null, null, 23, true, '{"options":[{"is_correct":true,"sort_order":1,"default_text":"article","translations":{"de":"die Lampe","en":"the lamp"}},{"is_correct":false,"sort_order":2,"default_text":"article","translations":{"de":"die Katze","en":"the cat"}},{"is_correct":false,"sort_order":3,"default_text":"article","translations":{"de":"der Hund","en":"the dog"}},{"is_correct":false,"sort_order":4,"default_text":"article","translations":{"de":"der Tisch","en":"the table"}}],"question":{"de":"Welcher Artikel passt zu Lampe?","en":"Which article goes with Lampe?"},"quiz_type":"vocabulary_translation","learn_language":"de","source_card_slug":"de-a1-articles-lampe"}'::jsonb),
  ('2801ecab-f35c-5277-a0be-51d9a35896c8', 'de-a1-articles-uhr-quiz', 'quiz_4_option', 'die Uhr', 'die oor', null, null, null, 'de-a1-articles', 'beginner', null, null, null, null, 24, true, '{"options":[{"is_correct":true,"sort_order":1,"default_text":"article","translations":{"de":"die Uhr","en":"the clock"}},{"is_correct":false,"sort_order":2,"default_text":"article","translations":{"de":"die Katze","en":"the cat"}},{"is_correct":false,"sort_order":3,"default_text":"article","translations":{"de":"der Hund","en":"the dog"}},{"is_correct":false,"sort_order":4,"default_text":"article","translations":{"de":"der Tisch","en":"the table"}}],"question":{"de":"Welcher Artikel passt zu Uhr?","en":"Which article goes with Uhr?"},"quiz_type":"vocabulary_translation","learn_language":"de","source_card_slug":"de-a1-articles-uhr"}'::jsonb),
  ('866e6188-6ff7-565a-81c8-134507472cea', 'de-a1-articles-tuer-quiz', 'quiz_4_option', 'die Tür', 'die tür', null, null, null, 'de-a1-articles', 'beginner', null, null, null, null, 25, true, '{"options":[{"is_correct":true,"sort_order":1,"default_text":"article","translations":{"de":"die Tür","en":"the door"}},{"is_correct":false,"sort_order":2,"default_text":"article","translations":{"de":"die Katze","en":"the cat"}},{"is_correct":false,"sort_order":3,"default_text":"article","translations":{"de":"der Hund","en":"the dog"}},{"is_correct":false,"sort_order":4,"default_text":"article","translations":{"de":"der Tisch","en":"the table"}}],"question":{"de":"Welcher Artikel passt zu Tür?","en":"Which article goes with Tür?"},"quiz_type":"vocabulary_translation","learn_language":"de","source_card_slug":"de-a1-articles-tuer"}'::jsonb),
  ('95ec1ef0-e63f-5c16-9ae3-8ced19e94372', 'de-a1-articles-haus-quiz', 'quiz_4_option', 'das Haus', 'das hous', null, null, null, 'de-a1-articles', 'beginner', null, null, null, null, 26, true, '{"options":[{"is_correct":true,"sort_order":1,"default_text":"article","translations":{"de":"das Haus","en":"the house"}},{"is_correct":false,"sort_order":2,"default_text":"article","translations":{"de":"das Auto","en":"the car"}},{"is_correct":false,"sort_order":3,"default_text":"article","translations":{"de":"der Hund","en":"the dog"}},{"is_correct":false,"sort_order":4,"default_text":"article","translations":{"de":"der Tisch","en":"the table"}}],"question":{"de":"Welcher Artikel passt zu Haus?","en":"Which article goes with Haus?"},"quiz_type":"vocabulary_translation","learn_language":"de","source_card_slug":"de-a1-articles-haus"}'::jsonb),
  ('34a75615-6e6d-5b74-89ff-3ff210ae180a', 'de-a1-articles-auto-quiz', 'quiz_4_option', 'das Auto', 'das AU-to', null, null, null, 'de-a1-articles', 'beginner', null, null, null, null, 27, true, '{"options":[{"is_correct":true,"sort_order":1,"default_text":"article","translations":{"de":"das Auto","en":"the car"}},{"is_correct":false,"sort_order":2,"default_text":"article","translations":{"de":"das Haus","en":"the house"}},{"is_correct":false,"sort_order":3,"default_text":"article","translations":{"de":"der Hund","en":"the dog"}},{"is_correct":false,"sort_order":4,"default_text":"article","translations":{"de":"der Tisch","en":"the table"}}],"question":{"de":"Welcher Artikel passt zu Auto?","en":"Which article goes with Auto?"},"quiz_type":"vocabulary_translation","learn_language":"de","source_card_slug":"de-a1-articles-auto"}'::jsonb),
  ('d953aca5-d661-5a1c-8544-78fc0886277c', 'de-a1-articles-buch-quiz', 'quiz_4_option', 'das Buch', 'das bookh', null, null, null, 'de-a1-articles', 'beginner', null, null, null, null, 28, true, '{"options":[{"is_correct":true,"sort_order":1,"default_text":"article","translations":{"de":"das Buch","en":"the book"}},{"is_correct":false,"sort_order":2,"default_text":"article","translations":{"de":"das Haus","en":"the house"}},{"is_correct":false,"sort_order":3,"default_text":"article","translations":{"de":"der Hund","en":"the dog"}},{"is_correct":false,"sort_order":4,"default_text":"article","translations":{"de":"der Tisch","en":"the table"}}],"question":{"de":"Welcher Artikel passt zu Buch?","en":"Which article goes with Buch?"},"quiz_type":"vocabulary_translation","learn_language":"de","source_card_slug":"de-a1-articles-buch"}'::jsonb),
  ('9ab7373c-6ae7-58d6-ac56-fae5914e744e', 'de-a1-articles-fenster-quiz', 'quiz_4_option', 'das Fenster', 'das FENS-ter', null, null, null, 'de-a1-articles', 'beginner', null, null, null, null, 29, true, '{"options":[{"is_correct":true,"sort_order":1,"default_text":"article","translations":{"de":"das Fenster","en":"the window"}},{"is_correct":false,"sort_order":2,"default_text":"article","translations":{"de":"das Haus","en":"the house"}},{"is_correct":false,"sort_order":3,"default_text":"article","translations":{"de":"der Hund","en":"the dog"}},{"is_correct":false,"sort_order":4,"default_text":"article","translations":{"de":"der Tisch","en":"the table"}}],"question":{"de":"Welcher Artikel passt zu Fenster?","en":"Which article goes with Fenster?"},"quiz_type":"vocabulary_translation","learn_language":"de","source_card_slug":"de-a1-articles-fenster"}'::jsonb),
  ('093ea398-a72d-540c-a558-477544a22015', 'de-a1-articles-maedchen-quiz', 'quiz_4_option', 'das Mädchen', 'das MÄD-chen', null, null, null, 'de-a1-articles', 'beginner', null, null, null, null, 30, true, '{"options":[{"is_correct":true,"sort_order":1,"default_text":"article","translations":{"de":"das Mädchen","en":"the girl"}},{"is_correct":false,"sort_order":2,"default_text":"article","translations":{"de":"das Haus","en":"the house"}},{"is_correct":false,"sort_order":3,"default_text":"article","translations":{"de":"der Hund","en":"the dog"}},{"is_correct":false,"sort_order":4,"default_text":"article","translations":{"de":"der Tisch","en":"the table"}}],"question":{"de":"Welcher Artikel passt zu Mädchen?","en":"Which article goes with Mädchen?"},"quiz_type":"vocabulary_translation","learn_language":"de","source_card_slug":"de-a1-articles-maedchen"}'::jsonb)
on conflict (id) do update set slug=excluded.slug, card_type=excluded.card_type, native=excluded.native, transliteration=excluded.transliteration, word_type=excluded.word_type, example_native=excluded.example_native, example_transliteration=excluded.example_transliteration, context=excluded.context, difficulty=excluded.difficulty, content_md=excluded.content_md, audio_url=excluded.audio_url, image_url=excluded.image_url, image_id=excluded.image_id, sort_order=excluded.sort_order, is_active=excluded.is_active, data=excluded.data;

insert into language_cards_card_translations (card_id, lang_code, translation, example_translation, hint) values
  ('05530905-7ec6-5a35-a7b1-33da285392c7', 'de', 'die Katze', 'Die Katze schläft.', 'Viele Wörter auf -e sind die. Katze endet auf -e: die Katze.'),
  ('05530905-7ec6-5a35-a7b1-33da285392c7', 'en', 'the cat', 'Die Katze schläft.', 'Many words ending in -e use die. Katze ends in -e: die Katze.'),
  ('17a7f6df-2123-5de1-a229-f0908861f9b8', 'de', 'das Mädchen', 'Das Mädchen lacht.', 'Endung -chen ist immer das. Deshalb: das Mädchen.'),
  ('17a7f6df-2123-5de1-a229-f0908861f9b8', 'en', 'the girl', 'Das Mädchen lacht.', 'The ending -chen always uses das. So: das Mädchen.'),
  ('31d12d13-9892-5dec-a29e-1a9cf88d72b0', 'de', 'die Lampe', 'Die Lampe ist hell.', 'Lampe endet auf -e. Viele -e-Wörter sind die.'),
  ('31d12d13-9892-5dec-a29e-1a9cf88d72b0', 'en', 'the lamp', 'Die Lampe ist hell.', 'Lampe ends in -e. Many -e words use die.'),
  ('38666742-66de-5585-91f3-08ec731cfb69', 'de', 'die Tasche', 'Die Tasche ist voll.', 'Tasche endet auf -e. Das ist oft die: die Tasche.'),
  ('38666742-66de-5585-91f3-08ec731cfb69', 'en', 'the bag', 'Die Tasche ist voll.', 'Tasche ends in -e. That is often die: die Tasche.'),
  ('3ca9109a-fed8-517d-9f25-9287b13d47cc', 'de', 'das Fenster', 'Das Fenster ist offen.', 'Viele Wörter auf -er sind der, aber Fenster ist wichtig: das Fenster.'),
  ('3ca9109a-fed8-517d-9f25-9287b13d47cc', 'en', 'the window', 'Das Fenster ist offen.', 'Many -er words use der, but Fenster is important: das Fenster.'),
  ('44959747-7f8f-53e5-81ac-08233e8edd21', 'de', 'der Hund', 'Der Hund ist klein.', 'der: Viele männliche Personen und Tiere sind der. Merke: der Hund.'),
  ('44959747-7f8f-53e5-81ac-08233e8edd21', 'en', 'the dog', 'Der Hund ist klein.', 'der: Many male people and animals use der. Remember: der Hund.'),
  ('4d4314ab-a6cd-5c29-98e4-e04dcdca581b', 'de', 'der Zug', 'Der Zug kommt.', 'der Zug: kurz und kraftvoll. Stell dir einen starken Zug vor: der Zug.'),
  ('4d4314ab-a6cd-5c29-98e4-e04dcdca581b', 'en', 'the train', 'Der Zug kommt.', 'der Zug: short and powerful. Picture a strong train: der Zug.'),
  ('5827d207-9510-572e-b5b4-4830933a3915', 'de', 'die Uhr', 'Die Uhr ist rund.', 'Uhr ist eine wichtige Ausnahme ohne -e. Kurz merken: die Uhr.'),
  ('5827d207-9510-572e-b5b4-4830933a3915', 'en', 'the clock', 'Die Uhr ist rund.', 'Uhr is an important exception without -e. Memorize: die Uhr.'),
  ('7cd5b995-52f5-51dc-81a6-0d25e6ac2711', 'de', 'der Schlüssel', 'Der Schlüssel ist hier.', 'Endung -el ist oft der. Merke: der Schlüssel.'),
  ('7cd5b995-52f5-51dc-81a6-0d25e6ac2711', 'en', 'the key', 'Der Schlüssel ist hier.', 'Words ending in -el are often der. Remember: der Schlüssel.'),
  ('90ab9861-eb6a-5b29-a229-441c9e6baa3c', 'de', 'das Auto', 'Das Auto ist neu.', 'Viele internationale Sachwörter sind das. Merke: das Auto.'),
  ('90ab9861-eb6a-5b29-a229-441c9e6baa3c', 'en', 'the car', 'Das Auto ist neu.', 'Many international object words use das. Remember: das Auto.'),
  ('aad5bc84-9185-5f65-abd6-b9cc1e514058', 'de', 'das Buch', 'Das Buch ist gut.', 'Buch ist ein Ding zum Lernen. In A1: das Buch fest merken.'),
  ('aad5bc84-9185-5f65-abd6-b9cc1e514058', 'en', 'the book', 'Das Buch ist gut.', 'Buch is a learning object. For A1, memorize: das Buch.'),
  ('b6383b12-e5ef-5660-a988-129804655ca0', 'de', 'der Löffel', 'Der Löffel ist klein.', 'Endung -el ist oft der. Schlüssel und Löffel gehen zusammen: der.'),
  ('b6383b12-e5ef-5660-a988-129804655ca0', 'en', 'the spoon', 'Der Löffel ist klein.', 'Words ending in -el are often der. Schlüssel and Löffel go together: der.'),
  ('c191b9a4-14ba-56cf-827f-a88f6687e7cf', 'de', 'die Tür', 'Die Tür ist offen.', 'Tür und Uhr klingen kurz. Beide sind die: die Tür, die Uhr.'),
  ('c191b9a4-14ba-56cf-827f-a88f6687e7cf', 'en', 'the door', 'Die Tür ist offen.', 'Tür and Uhr are short words. Both use die: die Tür, die Uhr.'),
  ('d789e544-60b2-5d1d-9506-d03d6e3d652a', 'de', 'der Tisch', 'Der Tisch ist groß.', 'der Tisch: ein kurzer, starker Alltagsgegenstand. Einfach als der Tisch merken.'),
  ('d789e544-60b2-5d1d-9506-d03d6e3d652a', 'en', 'the table', 'Der Tisch ist groß.', 'der Tisch: a short, strong everyday noun. Memorize it as der Tisch.'),
  ('f15db869-d4a4-5ed3-a533-58678224e82b', 'de', 'das Haus', 'Das Haus ist alt.', 'das Haus ist ein Klassiker. Stell dir ein kleines Haus vor: das Haus.'),
  ('f15db869-d4a4-5ed3-a533-58678224e82b', 'en', 'the house', 'Das Haus ist alt.', 'das Haus is a classic. Picture a small house: das Haus.')
on conflict (card_id, lang_code) do update set translation=excluded.translation, example_translation=excluded.example_translation, hint=excluded.hint;

delete from language_cards_learning_lesson_cards where lesson_id = '3d1174e0-a7a4-5b1a-a400-6098c78bcdd9';
insert into language_cards_learning_lesson_cards (lesson_id, card_id, sort_order) values
  ('3d1174e0-a7a4-5b1a-a400-6098c78bcdd9', '44959747-7f8f-53e5-81ac-08233e8edd21', 1),
  ('3d1174e0-a7a4-5b1a-a400-6098c78bcdd9', 'd789e544-60b2-5d1d-9506-d03d6e3d652a', 2),
  ('3d1174e0-a7a4-5b1a-a400-6098c78bcdd9', '4d4314ab-a6cd-5c29-98e4-e04dcdca581b', 3),
  ('3d1174e0-a7a4-5b1a-a400-6098c78bcdd9', '7cd5b995-52f5-51dc-81a6-0d25e6ac2711', 4),
  ('3d1174e0-a7a4-5b1a-a400-6098c78bcdd9', 'b6383b12-e5ef-5660-a988-129804655ca0', 5),
  ('3d1174e0-a7a4-5b1a-a400-6098c78bcdd9', '05530905-7ec6-5a35-a7b1-33da285392c7', 6),
  ('3d1174e0-a7a4-5b1a-a400-6098c78bcdd9', '38666742-66de-5585-91f3-08ec731cfb69', 7),
  ('3d1174e0-a7a4-5b1a-a400-6098c78bcdd9', '31d12d13-9892-5dec-a29e-1a9cf88d72b0', 8),
  ('3d1174e0-a7a4-5b1a-a400-6098c78bcdd9', '5827d207-9510-572e-b5b4-4830933a3915', 9),
  ('3d1174e0-a7a4-5b1a-a400-6098c78bcdd9', 'c191b9a4-14ba-56cf-827f-a88f6687e7cf', 10),
  ('3d1174e0-a7a4-5b1a-a400-6098c78bcdd9', 'f15db869-d4a4-5ed3-a533-58678224e82b', 11),
  ('3d1174e0-a7a4-5b1a-a400-6098c78bcdd9', '90ab9861-eb6a-5b29-a229-441c9e6baa3c', 12),
  ('3d1174e0-a7a4-5b1a-a400-6098c78bcdd9', 'aad5bc84-9185-5f65-abd6-b9cc1e514058', 13),
  ('3d1174e0-a7a4-5b1a-a400-6098c78bcdd9', '3ca9109a-fed8-517d-9f25-9287b13d47cc', 14),
  ('3d1174e0-a7a4-5b1a-a400-6098c78bcdd9', '17a7f6df-2123-5de1-a229-f0908861f9b8', 15),
  ('3d1174e0-a7a4-5b1a-a400-6098c78bcdd9', '04dad73d-b46f-5130-a7e3-96ad5d304d39', 16),
  ('3d1174e0-a7a4-5b1a-a400-6098c78bcdd9', 'bfdd5326-2d93-51b4-a17b-8a37e2230e80', 17),
  ('3d1174e0-a7a4-5b1a-a400-6098c78bcdd9', '8498d650-7eb5-5535-b075-320018cd4648', 18),
  ('3d1174e0-a7a4-5b1a-a400-6098c78bcdd9', '6255083b-b878-5449-b60d-ab074d31aebd', 19),
  ('3d1174e0-a7a4-5b1a-a400-6098c78bcdd9', 'ffb5738a-bbdb-5485-99da-c3e98f68e72c', 20),
  ('3d1174e0-a7a4-5b1a-a400-6098c78bcdd9', '12e67579-a206-5dce-a90a-075a4f9857e5', 21),
  ('3d1174e0-a7a4-5b1a-a400-6098c78bcdd9', '9a72b137-561e-55c0-8f9e-53fd805c2f4b', 22),
  ('3d1174e0-a7a4-5b1a-a400-6098c78bcdd9', '63642631-c1d2-57fc-95be-2ec3348692ac', 23),
  ('3d1174e0-a7a4-5b1a-a400-6098c78bcdd9', '2801ecab-f35c-5277-a0be-51d9a35896c8', 24),
  ('3d1174e0-a7a4-5b1a-a400-6098c78bcdd9', '866e6188-6ff7-565a-81c8-134507472cea', 25),
  ('3d1174e0-a7a4-5b1a-a400-6098c78bcdd9', '95ec1ef0-e63f-5c16-9ae3-8ced19e94372', 26),
  ('3d1174e0-a7a4-5b1a-a400-6098c78bcdd9', '34a75615-6e6d-5b74-89ff-3ff210ae180a', 27),
  ('3d1174e0-a7a4-5b1a-a400-6098c78bcdd9', 'd953aca5-d661-5a1c-8544-78fc0886277c', 28),
  ('3d1174e0-a7a4-5b1a-a400-6098c78bcdd9', '9ab7373c-6ae7-58d6-ac56-fae5914e744e', 29),
  ('3d1174e0-a7a4-5b1a-a400-6098c78bcdd9', '093ea398-a72d-540c-a558-477544a22015', 30);

delete from language_cards_practice_group_cards where practice_group_id = 'f54a17d3-9f5d-5699-81e1-443ad0da2856';
insert into language_cards_practice_group_cards (practice_group_id, card_id, sort_order) values
  ('f54a17d3-9f5d-5699-81e1-443ad0da2856', '44959747-7f8f-53e5-81ac-08233e8edd21', 1),
  ('f54a17d3-9f5d-5699-81e1-443ad0da2856', 'd789e544-60b2-5d1d-9506-d03d6e3d652a', 2),
  ('f54a17d3-9f5d-5699-81e1-443ad0da2856', '4d4314ab-a6cd-5c29-98e4-e04dcdca581b', 3),
  ('f54a17d3-9f5d-5699-81e1-443ad0da2856', '7cd5b995-52f5-51dc-81a6-0d25e6ac2711', 4),
  ('f54a17d3-9f5d-5699-81e1-443ad0da2856', 'b6383b12-e5ef-5660-a988-129804655ca0', 5),
  ('f54a17d3-9f5d-5699-81e1-443ad0da2856', '05530905-7ec6-5a35-a7b1-33da285392c7', 6),
  ('f54a17d3-9f5d-5699-81e1-443ad0da2856', '38666742-66de-5585-91f3-08ec731cfb69', 7),
  ('f54a17d3-9f5d-5699-81e1-443ad0da2856', '31d12d13-9892-5dec-a29e-1a9cf88d72b0', 8),
  ('f54a17d3-9f5d-5699-81e1-443ad0da2856', '5827d207-9510-572e-b5b4-4830933a3915', 9),
  ('f54a17d3-9f5d-5699-81e1-443ad0da2856', 'c191b9a4-14ba-56cf-827f-a88f6687e7cf', 10),
  ('f54a17d3-9f5d-5699-81e1-443ad0da2856', 'f15db869-d4a4-5ed3-a533-58678224e82b', 11),
  ('f54a17d3-9f5d-5699-81e1-443ad0da2856', '90ab9861-eb6a-5b29-a229-441c9e6baa3c', 12),
  ('f54a17d3-9f5d-5699-81e1-443ad0da2856', 'aad5bc84-9185-5f65-abd6-b9cc1e514058', 13),
  ('f54a17d3-9f5d-5699-81e1-443ad0da2856', '3ca9109a-fed8-517d-9f25-9287b13d47cc', 14),
  ('f54a17d3-9f5d-5699-81e1-443ad0da2856', '17a7f6df-2123-5de1-a229-f0908861f9b8', 15);

commit;
