-- Add German A1 lesson 8: new easy sentences with listening-based word-builder quizzes.
-- The lesson stays hidden until all image and audio assets are verified.
begin;
update language_cards_category_translations set description=case lang_code when 'de' then 'Der A1-Einstieg: Wörter, Zahlen, Farben, Essen, erste Sätze und Hörübungen.' when 'en' then 'The A1 foundation: words, numbers, colors, food, first sentences, and listening practice.' else description end where category_id='8e6bb6a0-7a01-4f8f-b4cd-dc7ba4ebbb2d' and lang_code in ('de','en');
insert into language_cards_learning_lessons(id,course_id,slug,sort_order,is_active,status) values('162c482f-a1ee-5657-b90b-c42a03884fa3','e1fd8982-b00c-4d1a-a1a0-50e2ce6b0df4','de-a1-basics-listening-sentences',8,false,'planned') on conflict(course_id,slug) do update set sort_order=excluded.sort_order,is_active=excluded.is_active,status=excluded.status;
insert into language_cards_learning_lesson_translations(lesson_id,lang_code,title,description) values('162c482f-a1ee-5657-b90b-c42a03884fa3','de','Hören und Sätze bauen','20 neue leichte Sätze hören und Wort für Wort zusammensetzen.'),('162c482f-a1ee-5657-b90b-c42a03884fa3','en','Listen and build sentences','Listen to 20 new easy sentences and build them word by word.') on conflict(lesson_id,lang_code) do update set title=excluded.title,description=excluded.description;
insert into language_cards_practice_groups(id,category_id,slug,sort_order,game_modes,is_active,status) values('e4cd6c33-7354-5422-a86a-865053659ffc','8e6bb6a0-7a01-4f8f-b4cd-dc7ba4ebbb2d','de-a1-basics-listening-sentences',8,array['swipe']::text[],false,'planned') on conflict(category_id,slug) do update set sort_order=excluded.sort_order,game_modes=excluded.game_modes,is_active=excluded.is_active,status=excluded.status;
insert into language_cards_practice_group_translations(practice_group_id,lang_code,name) values('e4cd6c33-7354-5422-a86a-865053659ffc','de','Hören und Sätze bauen'),('e4cd6c33-7354-5422-a86a-865053659ffc','en','Listen and build sentences') on conflict(practice_group_id,lang_code) do update set name=excluded.name;
insert into language_cards_cards(id,slug,card_type,native,transliteration,word_type,example_native,example_transliteration,context,difficulty,content_md,audio_url,image_url,image_id,sort_order,is_active,data) values
  ('2cf4306c-48b4-5685-bc7b-d6862044a100', 'de-a1-listen-ich-esse-brot', 'sentence', 'Ich esse Brot.', 'ich ES-se brot', 'sentence', null, null, 'de-a1-listening-sentences', 'beginner', null, null, null, null, 1, true, '{"kind":"simple_sentence","lesson_slug":"de-a1-basics-listening-sentences","learn_language":"de","english":"I eat bread."}'::jsonb),
  ('dc7ef944-1e34-5df2-9271-0d14ec32eceb', 'de-a1-listen-ich-esse-brot-quiz', 'sentence_quiz', 'I eat bread.', null, null, null, null, 'de-a1-listening-sentences', 'beginner', null, null, null, null, 101, true, '{"quiz_type":"sentence_audio_builder","source_card_slug":"de-a1-listen-ich-esse-brot","question":{"de":"Höre zu und baue den Satz:","en":"Listen and build the German sentence:"},"target_words":["Ich","esse","Brot"],"distractor_words":["Du","trinkst","Tee"],"learn_language":"de"}'::jsonb),
  ('fbfebe0d-cf7f-5270-8e14-7449cda1f4be', 'de-a1-listen-du-trinkst-tee', 'sentence', 'Du trinkst Tee.', 'du trinkst tee', 'sentence', null, null, 'de-a1-listening-sentences', 'beginner', null, null, null, null, 2, true, '{"kind":"simple_sentence","lesson_slug":"de-a1-basics-listening-sentences","learn_language":"de","english":"You drink tea."}'::jsonb),
  ('7341c9d5-c69e-52a3-93b5-88aab919bfb5', 'de-a1-listen-du-trinkst-tee-quiz', 'sentence_quiz', 'You drink tea.', null, null, null, null, 'de-a1-listening-sentences', 'beginner', null, null, null, null, 102, true, '{"quiz_type":"sentence_audio_builder","source_card_slug":"de-a1-listen-du-trinkst-tee","question":{"de":"Höre zu und baue den Satz:","en":"Listen and build the German sentence:"},"target_words":["Du","trinkst","Tee"],"distractor_words":["Er","liest","die","Zeitung"],"learn_language":"de"}'::jsonb),
  ('334683bf-785d-5bf7-a921-ba3bedd223d7', 'de-a1-listen-er-liest-die-zeitung', 'sentence', 'Er liest die Zeitung.', 'er liest die TSAI-tung', 'sentence', null, null, 'de-a1-listening-sentences', 'beginner', null, null, null, null, 3, true, '{"kind":"simple_sentence","lesson_slug":"de-a1-basics-listening-sentences","learn_language":"de","english":"He reads the newspaper."}'::jsonb),
  ('5f50f63f-0fed-597a-89f1-04cd80dbfb41', 'de-a1-listen-er-liest-die-zeitung-quiz', 'sentence_quiz', 'He reads the newspaper.', null, null, null, null, 'de-a1-listening-sentences', 'beginner', null, null, null, null, 103, true, '{"quiz_type":"sentence_audio_builder","source_card_slug":"de-a1-listen-er-liest-die-zeitung","question":{"de":"Höre zu und baue den Satz:","en":"Listen and build the German sentence:"},"target_words":["Er","liest","die","Zeitung"],"distractor_words":["Sie","schreibt","eine","E-Mail"],"learn_language":"de"}'::jsonb),
  ('2916b92e-c101-5173-9474-39bf2124d1d6', 'de-a1-listen-sie-schreibt-eine-e-mail', 'sentence', 'Sie schreibt eine E-Mail.', 'sie SHRAIBT AI-ne E-mail', 'sentence', null, null, 'de-a1-listening-sentences', 'beginner', null, null, null, null, 4, true, '{"kind":"simple_sentence","lesson_slug":"de-a1-basics-listening-sentences","learn_language":"de","english":"She writes an email."}'::jsonb),
  ('e507ba9f-03b0-500c-ba72-eaa1bed3baaa', 'de-a1-listen-sie-schreibt-eine-e-mail-quiz', 'sentence_quiz', 'She writes an email.', null, null, null, null, 'de-a1-listening-sentences', 'beginner', null, null, null, null, 104, true, '{"quiz_type":"sentence_audio_builder","source_card_slug":"de-a1-listen-sie-schreibt-eine-e-mail","question":{"de":"Höre zu und baue den Satz:","en":"Listen and build the German sentence:"},"target_words":["Sie","schreibt","eine","E-Mail"],"distractor_words":["Wir","lernen","zusammen"],"learn_language":"de"}'::jsonb),
  ('380614da-7991-5c38-9a0c-15a09516eccf', 'de-a1-listen-wir-lernen-zusammen', 'sentence', 'Wir lernen zusammen.', 'wir LER-nen tsu-ZAM-men', 'sentence', null, null, 'de-a1-listening-sentences', 'beginner', null, null, null, null, 5, true, '{"kind":"simple_sentence","lesson_slug":"de-a1-basics-listening-sentences","learn_language":"de","english":"We learn together."}'::jsonb),
  ('177b82b0-367b-58ee-b771-2b10c1944fe9', 'de-a1-listen-wir-lernen-zusammen-quiz', 'sentence_quiz', 'We learn together.', null, null, null, null, 'de-a1-listening-sentences', 'beginner', null, null, null, null, 105, true, '{"quiz_type":"sentence_audio_builder","source_card_slug":"de-a1-listen-wir-lernen-zusammen","question":{"de":"Höre zu und baue den Satz:","en":"Listen and build the German sentence:"},"target_words":["Wir","lernen","zusammen"],"distractor_words":["Ihr","spielt","Fußball"],"learn_language":"de"}'::jsonb),
  ('fe7e32da-de2c-5c85-b6fc-a074a1223099', 'de-a1-listen-ihr-spielt-fussball', 'sentence', 'Ihr spielt Fußball.', 'ihr shpielt FUSS-bal', 'sentence', null, null, 'de-a1-listening-sentences', 'beginner', null, null, null, null, 6, true, '{"kind":"simple_sentence","lesson_slug":"de-a1-basics-listening-sentences","learn_language":"de","english":"You play football."}'::jsonb),
  ('b3665670-d8e1-5dad-83c6-7110d4ca23fc', 'de-a1-listen-ihr-spielt-fussball-quiz', 'sentence_quiz', 'You play football.', null, null, null, null, 'de-a1-listening-sentences', 'beginner', null, null, null, null, 106, true, '{"quiz_type":"sentence_audio_builder","source_card_slug":"de-a1-listen-ihr-spielt-fussball","question":{"de":"Höre zu und baue den Satz:","en":"Listen and build the German sentence:"},"target_words":["Ihr","spielt","Fußball"],"distractor_words":["Das","Baby","schläft"],"learn_language":"de"}'::jsonb),
  ('c7cac919-670b-538c-9214-9334d00c6b93', 'de-a1-listen-das-baby-schlaeft', 'sentence', 'Das Baby schläft.', 'das BEI-bi shläft', 'sentence', null, null, 'de-a1-listening-sentences', 'beginner', null, null, null, null, 7, true, '{"kind":"simple_sentence","lesson_slug":"de-a1-basics-listening-sentences","learn_language":"de","english":"The baby is sleeping."}'::jsonb),
  ('119e45bc-e115-5376-bd7d-c0ed71edba2a', 'de-a1-listen-das-baby-schlaeft-quiz', 'sentence_quiz', 'The baby is sleeping.', null, null, null, null, 'de-a1-listening-sentences', 'beginner', null, null, null, null, 107, true, '{"quiz_type":"sentence_audio_builder","source_card_slug":"de-a1-listen-das-baby-schlaeft","question":{"de":"Höre zu und baue den Satz:","en":"Listen and build the German sentence:"},"target_words":["Das","Baby","schläft"],"distractor_words":["Mein","Bruder","kocht","Suppe"],"learn_language":"de"}'::jsonb),
  ('49060066-0f6a-5db4-b13d-8906cf25e9c7', 'de-a1-listen-mein-bruder-kocht-suppe', 'sentence', 'Mein Bruder kocht Suppe.', 'main BRU-der kokht ZUP-pe', 'sentence', null, null, 'de-a1-listening-sentences', 'beginner', null, null, null, null, 8, true, '{"kind":"simple_sentence","lesson_slug":"de-a1-basics-listening-sentences","learn_language":"de","english":"My brother cooks soup."}'::jsonb),
  ('f2e0d0e4-5e6b-59a4-9499-bc8a19978bc8', 'de-a1-listen-mein-bruder-kocht-suppe-quiz', 'sentence_quiz', 'My brother cooks soup.', null, null, null, null, 'de-a1-listening-sentences', 'beginner', null, null, null, null, 108, true, '{"quiz_type":"sentence_audio_builder","source_card_slug":"de-a1-listen-mein-bruder-kocht-suppe","question":{"de":"Höre zu und baue den Satz:","en":"Listen and build the German sentence:"},"target_words":["Mein","Bruder","kocht","Suppe"],"distractor_words":["Meine","Schwester","kauft","Milch"],"learn_language":"de"}'::jsonb),
  ('386c4046-d422-5378-bb9f-e7be34d68a9f', 'de-a1-listen-meine-schwester-kauft-milch', 'sentence', 'Meine Schwester kauft Milch.', 'MAI-ne SHVES-ter kauft milkh', 'sentence', null, null, 'de-a1-listening-sentences', 'beginner', null, null, null, null, 9, true, '{"kind":"simple_sentence","lesson_slug":"de-a1-basics-listening-sentences","learn_language":"de","english":"My sister buys milk."}'::jsonb),
  ('18219da3-655b-575c-bb43-4a2cdd801c94', 'de-a1-listen-meine-schwester-kauft-milch-quiz', 'sentence_quiz', 'My sister buys milk.', null, null, null, null, 'de-a1-listening-sentences', 'beginner', null, null, null, null, 109, true, '{"quiz_type":"sentence_audio_builder","source_card_slug":"de-a1-listen-meine-schwester-kauft-milch","question":{"de":"Höre zu und baue den Satz:","en":"Listen and build the German sentence:"},"target_words":["Meine","Schwester","kauft","Milch"],"distractor_words":["Der","Lehrer","öffnet","das","Fenster"],"learn_language":"de"}'::jsonb),
  ('2c25cb7e-42ca-57c6-96c1-83e967d47a49', 'de-a1-listen-der-lehrer-oeffnet-das-fenster', 'sentence', 'Der Lehrer öffnet das Fenster.', 'der LE-rer ÖF-net das FENS-ter', 'sentence', null, null, 'de-a1-listening-sentences', 'beginner', null, null, null, null, 10, true, '{"kind":"simple_sentence","lesson_slug":"de-a1-basics-listening-sentences","learn_language":"de","english":"The teacher opens the window."}'::jsonb),
  ('e843903f-65fc-51ad-85ba-517e235bf350', 'de-a1-listen-der-lehrer-oeffnet-das-fenster-quiz', 'sentence_quiz', 'The teacher opens the window.', null, null, null, null, 'de-a1-listening-sentences', 'beginner', null, null, null, null, 110, true, '{"quiz_type":"sentence_audio_builder","source_card_slug":"de-a1-listen-der-lehrer-oeffnet-das-fenster","question":{"de":"Höre zu und baue den Satz:","en":"Listen and build the German sentence:"},"target_words":["Der","Lehrer","öffnet","das","Fenster"],"distractor_words":["Die","Frau","schließt","die","Tür"],"learn_language":"de"}'::jsonb),
  ('e60872af-027f-5eca-b865-bcaec9243269', 'de-a1-listen-die-frau-schliesst-die-tuer', 'sentence', 'Die Frau schließt die Tür.', 'die frau SHLISST die tür', 'sentence', null, null, 'de-a1-listening-sentences', 'beginner', null, null, null, null, 11, true, '{"kind":"simple_sentence","lesson_slug":"de-a1-basics-listening-sentences","learn_language":"de","english":"The woman closes the door."}'::jsonb),
  ('de0c9a96-b6b8-5a2f-ae0a-fb72ba7b9993', 'de-a1-listen-die-frau-schliesst-die-tuer-quiz', 'sentence_quiz', 'The woman closes the door.', null, null, null, null, 'de-a1-listening-sentences', 'beginner', null, null, null, null, 111, true, '{"quiz_type":"sentence_audio_builder","source_card_slug":"de-a1-listen-die-frau-schliesst-die-tuer","question":{"de":"Höre zu und baue den Satz:","en":"Listen and build the German sentence:"},"target_words":["Die","Frau","schließt","die","Tür"],"distractor_words":["Der","Mann","wartet","am","Bahnhof"],"learn_language":"de"}'::jsonb),
  ('af84f302-c063-5bf1-a093-a0c5b2f3a7f1', 'de-a1-listen-der-mann-wartet-am-bahnhof', 'sentence', 'Der Mann wartet am Bahnhof.', 'der man VAR-tet am BAN-hof', 'sentence', null, null, 'de-a1-listening-sentences', 'beginner', null, null, null, null, 12, true, '{"kind":"simple_sentence","lesson_slug":"de-a1-basics-listening-sentences","learn_language":"de","english":"The man waits at the train station."}'::jsonb),
  ('b040b2e5-e381-58f3-bf43-6699a0314566', 'de-a1-listen-der-mann-wartet-am-bahnhof-quiz', 'sentence_quiz', 'The man waits at the train station.', null, null, null, null, 'de-a1-listening-sentences', 'beginner', null, null, null, null, 112, true, '{"quiz_type":"sentence_audio_builder","source_card_slug":"de-a1-listen-der-mann-wartet-am-bahnhof","question":{"de":"Höre zu und baue den Satz:","en":"Listen and build the German sentence:"},"target_words":["Der","Mann","wartet","am","Bahnhof"],"distractor_words":["Ich","fahre","mit","dem","Bus"],"learn_language":"de"}'::jsonb),
  ('5e9ca36b-813a-59b5-8cea-646e4c0e0e6b', 'de-a1-listen-ich-fahre-mit-dem-bus', 'sentence', 'Ich fahre mit dem Bus.', 'ich FA-re mit dem bus', 'sentence', null, null, 'de-a1-listening-sentences', 'beginner', null, null, null, null, 13, true, '{"kind":"simple_sentence","lesson_slug":"de-a1-basics-listening-sentences","learn_language":"de","english":"I travel by bus."}'::jsonb),
  ('60868aed-cf86-5d5d-aed6-7641d8a105db', 'de-a1-listen-ich-fahre-mit-dem-bus-quiz', 'sentence_quiz', 'I travel by bus.', null, null, null, null, 'de-a1-listening-sentences', 'beginner', null, null, null, null, 113, true, '{"quiz_type":"sentence_audio_builder","source_card_slug":"de-a1-listen-ich-fahre-mit-dem-bus","question":{"de":"Höre zu und baue den Satz:","en":"Listen and build the German sentence:"},"target_words":["Ich","fahre","mit","dem","Bus"],"distractor_words":["Du","gehst","nach","Hause"],"learn_language":"de"}'::jsonb),
  ('4148fec2-299e-5188-b522-a68908609acd', 'de-a1-listen-du-gehst-nach-hause', 'sentence', 'Du gehst nach Hause.', 'du gehst nahkh HAU-ze', 'sentence', null, null, 'de-a1-listening-sentences', 'beginner', null, null, null, null, 14, true, '{"kind":"simple_sentence","lesson_slug":"de-a1-basics-listening-sentences","learn_language":"de","english":"You go home."}'::jsonb),
  ('5b58fe90-bc48-527c-be92-4d3704df56e0', 'de-a1-listen-du-gehst-nach-hause-quiz', 'sentence_quiz', 'You go home.', null, null, null, null, 'de-a1-listening-sentences', 'beginner', null, null, null, null, 114, true, '{"quiz_type":"sentence_audio_builder","source_card_slug":"de-a1-listen-du-gehst-nach-hause","question":{"de":"Höre zu und baue den Satz:","en":"Listen and build the German sentence:"},"target_words":["Du","gehst","nach","Hause"],"distractor_words":["Heute","regnet","es"],"learn_language":"de"}'::jsonb),
  ('fc529050-3abc-5c82-94ad-9da24d316c59', 'de-a1-listen-heute-regnet-es', 'sentence', 'Heute regnet es.', 'HOI-te REG-net es', 'sentence', null, null, 'de-a1-listening-sentences', 'beginner', null, null, null, null, 15, true, '{"kind":"simple_sentence","lesson_slug":"de-a1-basics-listening-sentences","learn_language":"de","english":"It is raining today."}'::jsonb),
  ('22f87147-85b0-5a30-9bcd-f883838abe58', 'de-a1-listen-heute-regnet-es-quiz', 'sentence_quiz', 'It is raining today.', null, null, null, null, 'de-a1-listening-sentences', 'beginner', null, null, null, null, 115, true, '{"quiz_type":"sentence_audio_builder","source_card_slug":"de-a1-listen-heute-regnet-es","question":{"de":"Höre zu und baue den Satz:","en":"Listen and build the German sentence:"},"target_words":["Heute","regnet","es"],"distractor_words":["Morgen","scheint","die","Sonne"],"learn_language":"de"}'::jsonb),
  ('d81aa9df-70c4-537a-b9cf-d254f3ec9276', 'de-a1-listen-morgen-scheint-die-sonne', 'sentence', 'Morgen scheint die Sonne.', 'MOR-gen shaint die ZON-ne', 'sentence', null, null, 'de-a1-listening-sentences', 'beginner', null, null, null, null, 16, true, '{"kind":"simple_sentence","lesson_slug":"de-a1-basics-listening-sentences","learn_language":"de","english":"The sun will shine tomorrow."}'::jsonb),
  ('0cb32abf-fba7-5741-93fd-671f75ad826b', 'de-a1-listen-morgen-scheint-die-sonne-quiz', 'sentence_quiz', 'The sun will shine tomorrow.', null, null, null, null, 'de-a1-listening-sentences', 'beginner', null, null, null, null, 116, true, '{"quiz_type":"sentence_audio_builder","source_card_slug":"de-a1-listen-morgen-scheint-die-sonne","question":{"de":"Höre zu und baue den Satz:","en":"Listen and build the German sentence:"},"target_words":["Morgen","scheint","die","Sonne"],"distractor_words":["Das","Buch","liegt","auf","dem","Tisch"],"learn_language":"de"}'::jsonb),
  ('dd4f6146-06a8-5fee-aaf0-716fe6c7a169', 'de-a1-listen-das-buch-liegt-auf-dem-tisch', 'sentence', 'Das Buch liegt auf dem Tisch.', 'das bukh liegt auf dem tish', 'sentence', null, null, 'de-a1-listening-sentences', 'beginner', null, null, null, null, 17, true, '{"kind":"simple_sentence","lesson_slug":"de-a1-basics-listening-sentences","learn_language":"de","english":"The book is on the table."}'::jsonb),
  ('9e48607d-4a7a-518d-a79e-0e5c838b6f9c', 'de-a1-listen-das-buch-liegt-auf-dem-tisch-quiz', 'sentence_quiz', 'The book is on the table.', null, null, null, null, 'de-a1-listening-sentences', 'beginner', null, null, null, null, 117, true, '{"quiz_type":"sentence_audio_builder","source_card_slug":"de-a1-listen-das-buch-liegt-auf-dem-tisch","question":{"de":"Höre zu und baue den Satz:","en":"Listen and build the German sentence:"},"target_words":["Das","Buch","liegt","auf","dem","Tisch"],"distractor_words":["Die","Kinder","spielen","im","Garten"],"learn_language":"de"}'::jsonb),
  ('0b00f511-f671-573c-b1a3-61d494ebea2a', 'de-a1-listen-die-kinder-spielen-im-garten', 'sentence', 'Die Kinder spielen im Garten.', 'die KIN-der SHPI-len im GAR-ten', 'sentence', null, null, 'de-a1-listening-sentences', 'beginner', null, null, null, null, 18, true, '{"kind":"simple_sentence","lesson_slug":"de-a1-basics-listening-sentences","learn_language":"de","english":"The children play in the garden."}'::jsonb),
  ('dd34dcc3-f2e9-574c-b26d-d3c78aea9607', 'de-a1-listen-die-kinder-spielen-im-garten-quiz', 'sentence_quiz', 'The children play in the garden.', null, null, null, null, 'de-a1-listening-sentences', 'beginner', null, null, null, null, 118, true, '{"quiz_type":"sentence_audio_builder","source_card_slug":"de-a1-listen-die-kinder-spielen-im-garten","question":{"de":"Höre zu und baue den Satz:","en":"Listen and build the German sentence:"},"target_words":["Die","Kinder","spielen","im","Garten"],"distractor_words":["Um","acht","Uhr","beginnt","die","Schule"],"learn_language":"de"}'::jsonb),
  ('8a81e3be-b08f-5b59-a49d-9c03998068e7', 'de-a1-listen-um-acht-uhr-beginnt-die-schule', 'sentence', 'Um acht Uhr beginnt die Schule.', 'um akht uhr be-GINT die SHU-le', 'sentence', null, null, 'de-a1-listening-sentences', 'beginner', null, null, null, null, 19, true, '{"kind":"simple_sentence","lesson_slug":"de-a1-basics-listening-sentences","learn_language":"de","english":"School starts at eight o’clock."}'::jsonb),
  ('dd077da1-a1dd-5763-8744-c2e1364399d6', 'de-a1-listen-um-acht-uhr-beginnt-die-schule-quiz', 'sentence_quiz', 'School starts at eight o’clock.', null, null, null, null, 'de-a1-listening-sentences', 'beginner', null, null, null, null, 119, true, '{"quiz_type":"sentence_audio_builder","source_card_slug":"de-a1-listen-um-acht-uhr-beginnt-die-schule","question":{"de":"Höre zu und baue den Satz:","en":"Listen and build the German sentence:"},"target_words":["Um","acht","Uhr","beginnt","die","Schule"],"distractor_words":["Am","Abend","sehe","ich","fern"],"learn_language":"de"}'::jsonb),
  ('c45a4239-869b-5edd-a582-d8f719217336', 'de-a1-listen-am-abend-sehe-ich-fern', 'sentence', 'Am Abend sehe ich fern.', 'am A-bent ze-e ich fern', 'sentence', null, null, 'de-a1-listening-sentences', 'beginner', null, null, null, null, 20, true, '{"kind":"simple_sentence","lesson_slug":"de-a1-basics-listening-sentences","learn_language":"de","english":"I watch television in the evening."}'::jsonb),
  ('c0307191-8ea5-59a7-9da8-14d81bf03765', 'de-a1-listen-am-abend-sehe-ich-fern-quiz', 'sentence_quiz', 'I watch television in the evening.', null, null, null, null, 'de-a1-listening-sentences', 'beginner', null, null, null, null, 120, true, '{"quiz_type":"sentence_audio_builder","source_card_slug":"de-a1-listen-am-abend-sehe-ich-fern","question":{"de":"Höre zu und baue den Satz:","en":"Listen and build the German sentence:"},"target_words":["Am","Abend","sehe","ich","fern"],"distractor_words":["Ich","esse","Brot"],"learn_language":"de"}'::jsonb)
on conflict(id) do update set slug=excluded.slug,card_type=excluded.card_type,native=excluded.native,transliteration=excluded.transliteration,word_type=excluded.word_type,example_native=excluded.example_native,example_transliteration=excluded.example_transliteration,context=excluded.context,difficulty=excluded.difficulty,content_md=excluded.content_md,sort_order=excluded.sort_order,is_active=excluded.is_active,data=excluded.data;
insert into language_cards_card_translations(card_id,lang_code,translation,example_translation,hint) values
  ('2cf4306c-48b4-5685-bc7b-d6862044a100','de','Ich esse Brot.','I eat bread.',null),
  ('2cf4306c-48b4-5685-bc7b-d6862044a100','en','I eat bread.','Ich esse Brot.',null),
  ('fbfebe0d-cf7f-5270-8e14-7449cda1f4be','de','Du trinkst Tee.','You drink tea.',null),
  ('fbfebe0d-cf7f-5270-8e14-7449cda1f4be','en','You drink tea.','Du trinkst Tee.',null),
  ('334683bf-785d-5bf7-a921-ba3bedd223d7','de','Er liest die Zeitung.','He reads the newspaper.',null),
  ('334683bf-785d-5bf7-a921-ba3bedd223d7','en','He reads the newspaper.','Er liest die Zeitung.',null),
  ('2916b92e-c101-5173-9474-39bf2124d1d6','de','Sie schreibt eine E-Mail.','She writes an email.',null),
  ('2916b92e-c101-5173-9474-39bf2124d1d6','en','She writes an email.','Sie schreibt eine E-Mail.',null),
  ('380614da-7991-5c38-9a0c-15a09516eccf','de','Wir lernen zusammen.','We learn together.',null),
  ('380614da-7991-5c38-9a0c-15a09516eccf','en','We learn together.','Wir lernen zusammen.',null),
  ('fe7e32da-de2c-5c85-b6fc-a074a1223099','de','Ihr spielt Fußball.','You play football.',null),
  ('fe7e32da-de2c-5c85-b6fc-a074a1223099','en','You play football.','Ihr spielt Fußball.',null),
  ('c7cac919-670b-538c-9214-9334d00c6b93','de','Das Baby schläft.','The baby is sleeping.',null),
  ('c7cac919-670b-538c-9214-9334d00c6b93','en','The baby is sleeping.','Das Baby schläft.',null),
  ('49060066-0f6a-5db4-b13d-8906cf25e9c7','de','Mein Bruder kocht Suppe.','My brother cooks soup.',null),
  ('49060066-0f6a-5db4-b13d-8906cf25e9c7','en','My brother cooks soup.','Mein Bruder kocht Suppe.',null),
  ('386c4046-d422-5378-bb9f-e7be34d68a9f','de','Meine Schwester kauft Milch.','My sister buys milk.',null),
  ('386c4046-d422-5378-bb9f-e7be34d68a9f','en','My sister buys milk.','Meine Schwester kauft Milch.',null),
  ('2c25cb7e-42ca-57c6-96c1-83e967d47a49','de','Der Lehrer öffnet das Fenster.','The teacher opens the window.',null),
  ('2c25cb7e-42ca-57c6-96c1-83e967d47a49','en','The teacher opens the window.','Der Lehrer öffnet das Fenster.',null),
  ('e60872af-027f-5eca-b865-bcaec9243269','de','Die Frau schließt die Tür.','The woman closes the door.',null),
  ('e60872af-027f-5eca-b865-bcaec9243269','en','The woman closes the door.','Die Frau schließt die Tür.',null),
  ('af84f302-c063-5bf1-a093-a0c5b2f3a7f1','de','Der Mann wartet am Bahnhof.','The man waits at the train station.',null),
  ('af84f302-c063-5bf1-a093-a0c5b2f3a7f1','en','The man waits at the train station.','Der Mann wartet am Bahnhof.',null),
  ('5e9ca36b-813a-59b5-8cea-646e4c0e0e6b','de','Ich fahre mit dem Bus.','I travel by bus.',null),
  ('5e9ca36b-813a-59b5-8cea-646e4c0e0e6b','en','I travel by bus.','Ich fahre mit dem Bus.',null),
  ('4148fec2-299e-5188-b522-a68908609acd','de','Du gehst nach Hause.','You go home.',null),
  ('4148fec2-299e-5188-b522-a68908609acd','en','You go home.','Du gehst nach Hause.',null),
  ('fc529050-3abc-5c82-94ad-9da24d316c59','de','Heute regnet es.','It is raining today.',null),
  ('fc529050-3abc-5c82-94ad-9da24d316c59','en','It is raining today.','Heute regnet es.',null),
  ('d81aa9df-70c4-537a-b9cf-d254f3ec9276','de','Morgen scheint die Sonne.','The sun will shine tomorrow.',null),
  ('d81aa9df-70c4-537a-b9cf-d254f3ec9276','en','The sun will shine tomorrow.','Morgen scheint die Sonne.',null),
  ('dd4f6146-06a8-5fee-aaf0-716fe6c7a169','de','Das Buch liegt auf dem Tisch.','The book is on the table.',null),
  ('dd4f6146-06a8-5fee-aaf0-716fe6c7a169','en','The book is on the table.','Das Buch liegt auf dem Tisch.',null),
  ('0b00f511-f671-573c-b1a3-61d494ebea2a','de','Die Kinder spielen im Garten.','The children play in the garden.',null),
  ('0b00f511-f671-573c-b1a3-61d494ebea2a','en','The children play in the garden.','Die Kinder spielen im Garten.',null),
  ('8a81e3be-b08f-5b59-a49d-9c03998068e7','de','Um acht Uhr beginnt die Schule.','School starts at eight o’clock.',null),
  ('8a81e3be-b08f-5b59-a49d-9c03998068e7','en','School starts at eight o’clock.','Um acht Uhr beginnt die Schule.',null),
  ('c45a4239-869b-5edd-a582-d8f719217336','de','Am Abend sehe ich fern.','I watch television in the evening.',null),
  ('c45a4239-869b-5edd-a582-d8f719217336','en','I watch television in the evening.','Am Abend sehe ich fern.',null)
on conflict(card_id,lang_code) do update set translation=excluded.translation,example_translation=excluded.example_translation,hint=null;
delete from language_cards_learning_lesson_cards where lesson_id='162c482f-a1ee-5657-b90b-c42a03884fa3';
insert into language_cards_learning_lesson_cards(lesson_id,card_id,sort_order) values
  ('162c482f-a1ee-5657-b90b-c42a03884fa3','2cf4306c-48b4-5685-bc7b-d6862044a100',1),
  ('162c482f-a1ee-5657-b90b-c42a03884fa3','dc7ef944-1e34-5df2-9271-0d14ec32eceb',101),
  ('162c482f-a1ee-5657-b90b-c42a03884fa3','fbfebe0d-cf7f-5270-8e14-7449cda1f4be',2),
  ('162c482f-a1ee-5657-b90b-c42a03884fa3','7341c9d5-c69e-52a3-93b5-88aab919bfb5',102),
  ('162c482f-a1ee-5657-b90b-c42a03884fa3','334683bf-785d-5bf7-a921-ba3bedd223d7',3),
  ('162c482f-a1ee-5657-b90b-c42a03884fa3','5f50f63f-0fed-597a-89f1-04cd80dbfb41',103),
  ('162c482f-a1ee-5657-b90b-c42a03884fa3','2916b92e-c101-5173-9474-39bf2124d1d6',4),
  ('162c482f-a1ee-5657-b90b-c42a03884fa3','e507ba9f-03b0-500c-ba72-eaa1bed3baaa',104),
  ('162c482f-a1ee-5657-b90b-c42a03884fa3','380614da-7991-5c38-9a0c-15a09516eccf',5),
  ('162c482f-a1ee-5657-b90b-c42a03884fa3','177b82b0-367b-58ee-b771-2b10c1944fe9',105),
  ('162c482f-a1ee-5657-b90b-c42a03884fa3','fe7e32da-de2c-5c85-b6fc-a074a1223099',6),
  ('162c482f-a1ee-5657-b90b-c42a03884fa3','b3665670-d8e1-5dad-83c6-7110d4ca23fc',106),
  ('162c482f-a1ee-5657-b90b-c42a03884fa3','c7cac919-670b-538c-9214-9334d00c6b93',7),
  ('162c482f-a1ee-5657-b90b-c42a03884fa3','119e45bc-e115-5376-bd7d-c0ed71edba2a',107),
  ('162c482f-a1ee-5657-b90b-c42a03884fa3','49060066-0f6a-5db4-b13d-8906cf25e9c7',8),
  ('162c482f-a1ee-5657-b90b-c42a03884fa3','f2e0d0e4-5e6b-59a4-9499-bc8a19978bc8',108),
  ('162c482f-a1ee-5657-b90b-c42a03884fa3','386c4046-d422-5378-bb9f-e7be34d68a9f',9),
  ('162c482f-a1ee-5657-b90b-c42a03884fa3','18219da3-655b-575c-bb43-4a2cdd801c94',109),
  ('162c482f-a1ee-5657-b90b-c42a03884fa3','2c25cb7e-42ca-57c6-96c1-83e967d47a49',10),
  ('162c482f-a1ee-5657-b90b-c42a03884fa3','e843903f-65fc-51ad-85ba-517e235bf350',110),
  ('162c482f-a1ee-5657-b90b-c42a03884fa3','e60872af-027f-5eca-b865-bcaec9243269',11),
  ('162c482f-a1ee-5657-b90b-c42a03884fa3','de0c9a96-b6b8-5a2f-ae0a-fb72ba7b9993',111),
  ('162c482f-a1ee-5657-b90b-c42a03884fa3','af84f302-c063-5bf1-a093-a0c5b2f3a7f1',12),
  ('162c482f-a1ee-5657-b90b-c42a03884fa3','b040b2e5-e381-58f3-bf43-6699a0314566',112),
  ('162c482f-a1ee-5657-b90b-c42a03884fa3','5e9ca36b-813a-59b5-8cea-646e4c0e0e6b',13),
  ('162c482f-a1ee-5657-b90b-c42a03884fa3','60868aed-cf86-5d5d-aed6-7641d8a105db',113),
  ('162c482f-a1ee-5657-b90b-c42a03884fa3','4148fec2-299e-5188-b522-a68908609acd',14),
  ('162c482f-a1ee-5657-b90b-c42a03884fa3','5b58fe90-bc48-527c-be92-4d3704df56e0',114),
  ('162c482f-a1ee-5657-b90b-c42a03884fa3','fc529050-3abc-5c82-94ad-9da24d316c59',15),
  ('162c482f-a1ee-5657-b90b-c42a03884fa3','22f87147-85b0-5a30-9bcd-f883838abe58',115),
  ('162c482f-a1ee-5657-b90b-c42a03884fa3','d81aa9df-70c4-537a-b9cf-d254f3ec9276',16),
  ('162c482f-a1ee-5657-b90b-c42a03884fa3','0cb32abf-fba7-5741-93fd-671f75ad826b',116),
  ('162c482f-a1ee-5657-b90b-c42a03884fa3','dd4f6146-06a8-5fee-aaf0-716fe6c7a169',17),
  ('162c482f-a1ee-5657-b90b-c42a03884fa3','9e48607d-4a7a-518d-a79e-0e5c838b6f9c',117),
  ('162c482f-a1ee-5657-b90b-c42a03884fa3','0b00f511-f671-573c-b1a3-61d494ebea2a',18),
  ('162c482f-a1ee-5657-b90b-c42a03884fa3','dd34dcc3-f2e9-574c-b26d-d3c78aea9607',118),
  ('162c482f-a1ee-5657-b90b-c42a03884fa3','8a81e3be-b08f-5b59-a49d-9c03998068e7',19),
  ('162c482f-a1ee-5657-b90b-c42a03884fa3','dd077da1-a1dd-5763-8744-c2e1364399d6',119),
  ('162c482f-a1ee-5657-b90b-c42a03884fa3','c45a4239-869b-5edd-a582-d8f719217336',20),
  ('162c482f-a1ee-5657-b90b-c42a03884fa3','c0307191-8ea5-59a7-9da8-14d81bf03765',120);
delete from language_cards_practice_group_cards where practice_group_id='e4cd6c33-7354-5422-a86a-865053659ffc';
insert into language_cards_practice_group_cards(practice_group_id,card_id,sort_order) values
  ('e4cd6c33-7354-5422-a86a-865053659ffc','2cf4306c-48b4-5685-bc7b-d6862044a100',1),
  ('e4cd6c33-7354-5422-a86a-865053659ffc','fbfebe0d-cf7f-5270-8e14-7449cda1f4be',2),
  ('e4cd6c33-7354-5422-a86a-865053659ffc','334683bf-785d-5bf7-a921-ba3bedd223d7',3),
  ('e4cd6c33-7354-5422-a86a-865053659ffc','2916b92e-c101-5173-9474-39bf2124d1d6',4),
  ('e4cd6c33-7354-5422-a86a-865053659ffc','380614da-7991-5c38-9a0c-15a09516eccf',5),
  ('e4cd6c33-7354-5422-a86a-865053659ffc','fe7e32da-de2c-5c85-b6fc-a074a1223099',6),
  ('e4cd6c33-7354-5422-a86a-865053659ffc','c7cac919-670b-538c-9214-9334d00c6b93',7),
  ('e4cd6c33-7354-5422-a86a-865053659ffc','49060066-0f6a-5db4-b13d-8906cf25e9c7',8),
  ('e4cd6c33-7354-5422-a86a-865053659ffc','386c4046-d422-5378-bb9f-e7be34d68a9f',9),
  ('e4cd6c33-7354-5422-a86a-865053659ffc','2c25cb7e-42ca-57c6-96c1-83e967d47a49',10),
  ('e4cd6c33-7354-5422-a86a-865053659ffc','e60872af-027f-5eca-b865-bcaec9243269',11),
  ('e4cd6c33-7354-5422-a86a-865053659ffc','af84f302-c063-5bf1-a093-a0c5b2f3a7f1',12),
  ('e4cd6c33-7354-5422-a86a-865053659ffc','5e9ca36b-813a-59b5-8cea-646e4c0e0e6b',13),
  ('e4cd6c33-7354-5422-a86a-865053659ffc','4148fec2-299e-5188-b522-a68908609acd',14),
  ('e4cd6c33-7354-5422-a86a-865053659ffc','fc529050-3abc-5c82-94ad-9da24d316c59',15),
  ('e4cd6c33-7354-5422-a86a-865053659ffc','d81aa9df-70c4-537a-b9cf-d254f3ec9276',16),
  ('e4cd6c33-7354-5422-a86a-865053659ffc','dd4f6146-06a8-5fee-aaf0-716fe6c7a169',17),
  ('e4cd6c33-7354-5422-a86a-865053659ffc','0b00f511-f671-573c-b1a3-61d494ebea2a',18),
  ('e4cd6c33-7354-5422-a86a-865053659ffc','8a81e3be-b08f-5b59-a49d-9c03998068e7',19),
  ('e4cd6c33-7354-5422-a86a-865053659ffc','c45a4239-869b-5edd-a582-d8f719217336',20);
commit;
